customer_id,location,age,registration_date
0001,arkansas,32 Years,2018-10-22
0002,texas,23 Years,2019-03-03
0003,ILLINOIS,59 Years,2018-04-12
0004,pennsylvania,39 Years,2018-09-05
0005,NEW YORK,71 Years,2019-01-29
0006,Arizona,85 Years,2021-07-20
0007,Iowa,34 Years,2019-07-05
0008,alabama,59 Years,2020-09-10
0009,California,50 Years,2020-07-20
0010,new jersey,60 Years,2020-06-02
0011,New York,85 Years,2020-01-16
0012,washington,44 Years,2021-10-28
0013,New York,69 Years,2018-07-07
0014,CALIFORNIA,29 Years,2019-05-03
0015,alabama,50 Years,2020-09-01
0016,maryland,41 Years,2020-07-28
0017,ohio,38 Years,2018-05-04
0018,florida,72 Years,2019-11-05
0019,florida,23 Years,2018-12-22
0020,Kentucky,77 Years,2018-05-10
0021,Ohio,21 Years,2021-09-27
0022,florida,40 Years,2019-03-11
0023,virginia,28 Years,2020-12-15
0024,texas,57 Years,2018-08-06
0025,Rhode Island,76 Years,2021-04-16
0026,ohio,63 Years,2019-06-12
0027,LOUISIANA,42 Years,2021-03-26
0028,Indiana,26 Years,2020-03-24
0029,TENNESSEE,21 Years,2021-05-19
0030,Oklahoma,79 Years,2018-06-27
0031,south dakota,61 Years,2018-07-23
0032,Texas,52 Years,2020-06-03
0033,Arizona,23 Years,2021-05-03
0034,arkansas,33 Years,2018-07-26
0035,tennessee,63 Years,2019-02-27
0036,NEW JERSEY,48 Years,2021-10-14
0037,Arizona,80 Years,2020-08-18
0038,wisconsin,47 Years,2020-10-20
0039,ALABAMA,41 Years,2020-12-31
0040,TEXAS,56 Years,2018-10-30
0041,Mississippi,20 Years,2020-10-16
0042,Connecticut,34 Years,2021-09-28
0043,South Dakota,21 Years,2020-12-14
0044,WISCONSIN,38 Years,2020-04-22
0045,VIRGINIA,29 Years,2020-11-18
0046,South Carolina,27 Years,2020-10-09
0047,CALIFORNIA,38 Years,2021-04-14
0048,Massachusetts,40 Years,2021-06-03
0049,kentucky,20 Years,2022-05-21
0050,new york,71 Years,2019-06-25
0051,TEXAS,61 Years,2020-04-24
0052,New Mexico,59 Years,2022-06-09
0053,Texas,18 Years,2020-09-02
0054,pennsylvania,28 Years,2020-05-05
0055,new jersey,30 Years,2020-12-06
0056,minnesota,30 Years,2020-03-02
0057,Florida,37 Years,2020-04-17
0058,Michigan,68 Years,2020-02-14
0059,PENNSYLVANIA,47 Years,2019-10-09
0060,NEW YORK,88 Years,2020-10-27
0061,Massachusetts,58 Years,2023-01-17
0062,minnesota,81 Years,2020-11-01
0063,texas,47 Years,2021-05-11
0064,georgia,61 Years,2020-01-05
0065,michigan,35 Years,2019-01-23
0066,kentucky,75 Years,2020-10-20
0067,Colorado,77 Years,2022-03-03
0068,NEW YORK,32 Years,2020-10-15
0069,texas,71 Years,2021-11-04
0070,Alabama,36 Years,2021-09-07
0071,CALIFORNIA,86 Years,2021-12-10
0072,TEXAS,54 Years,2019-05-24
0073,minnesota,51 Years,2022-06-17
0074,california,19 Years,2019-01-28
0075,Kentucky,60 Years,2020-10-02
0076,North Carolina,43 Years,2018-10-14
0077,KENTUCKY,30 Years,2021-08-25
0078,florida,89 Years,2020-11-22
0079,florida,32 Years,2020-06-24
0080,NEW YORK,25 Years,2019-04-06
0081,Nevada,46 Years,2021-02-08
0082,Minnesota,34 Years,2020-07-08
0083,New Jersey,37 Years,2021-07-29
0084,california,83 Years,2018-11-20
0085,KANSAS,80 Years,2019-07-19
0086,oregon,68 Years,2020-06-08
0087,Massachusetts,27 Years,2018-06-30
0088,texas,85 Years,2020-07-03
0089,Missouri,43 Years,2022-03-05
0090,Texas,53 Years,2020-12-12
0091,illinois,41 Years,2020-04-28
0092,north carolina,68 Years,2020-05-14
0093,arizona,18 Years,2021-04-30
0094,Pennsylvania,44 Years,2022-07-05
0095,illinois,89 Years,2021-02-04
0096,California,89 Years,2020-07-22
0097,Washington,70 Years,2020-11-13
0098,Illinois,75 Years,2020-08-09
0099,Michigan,82 Years,2019-10-14
0100,Arizona,42 Years,2022-01-02
0101,New Jersey,70 Years,2021-05-08
0102,CALIFORNIA,88 Years,2018-09-29
0103,Pennsylvania,86 Years,2018-09-08
0104,TEXAS,49 Years,2020-12-09
0105,Arizona,48 Years,2019-10-26
0106,oregon,84 Years,2020-07-14
0107,alabama,44 Years,2018-06-25
0108,pennsylvania,89 Years,2021-01-14
0109,NEW JERSEY,56 Years,2020-09-29
0110,California,46 Years,2018-12-08
0111,kentucky,71 Years,2018-04-25
0112,Ohio,29 Years,2020-10-05
0113,MASSACHUSETTS,65 Years,2021-02-16
0114,MISSOURI,42 Years,2020-05-14
0115,texas,32 Years,2019-07-25
0116,illinois,47 Years,2021-11-27
0117,texas,72 Years,2022-04-01
0118,Texas,19 Years,2021-12-10
0119,Missouri,29 Years,2022-02-26
0120,new york,26 Years,2019-06-23
0121,California,74 Years,2019-07-29
0122,Texas,57 Years,2018-04-30
0123,Georgia,26 Years,2020-09-03
0124,California,21 Years,2020-09-24
0125,California,32 Years,2018-09-05
0126,louisiana,53 Years,2018-10-05
0127,MISSOURI,51 Years,2021-09-20
0128,california,33 Years,2020-04-22
0129,kentucky,37 Years,2022-07-02
0130,New York,54 Years,2020-12-09
0131,Georgia,57 Years,2018-06-04
0132,OKLAHOMA,82 Years,2020-05-02
0133,washington,88 Years,2019-04-21
0134,Kentucky,48 Years,2020-11-22
0135,NEW YORK,37 Years,2018-09-22
0136,california,47 Years,2020-12-26
0137,Tennessee,57 Years,2019-03-07
0138,ohio,86 Years,2018-12-21
0139,oklahoma,77 Years,2022-09-26
0140,texas,74 Years,2021-01-13
0141,texas,64 Years,2019-05-20
0142,CALIFORNIA,51 Years,2020-07-09
0143,New York,22 Years,2022-01-12
0144,Ohio,79 Years,2021-05-29
0145,michigan,80 Years,2022-01-09
0146,texas,39 Years,2020-06-10
0147,Louisiana,71 Years,2020-12-01
0148,PENNSYLVANIA,77 Years,2020-07-25
0149,michigan,65 Years,2020-12-17
0150,Michigan,83 Years,2020-01-09
0151,Missouri,85 Years,2020-10-13
0152,Minnesota,45 Years,2020-06-15
0153,Massachusetts,22 Years,2019-07-05
0154,COLORADO,28 Years,2020-04-01
0155,texas,88 Years,2020-10-02
0156,Colorado,19 Years,2020-10-21
0157,california,80 Years,2020-03-09
0158,arizona,28 Years,2021-03-10
0159,virginia,54 Years,2020-11-19
0160,CALIFORNIA,52 Years,2022-11-09
0161,CALIFORNIA,27 Years,2022-01-03
0162,INDIANA,68 Years,2018-06-29
0163,NEW YORK,64 Years,2020-01-24
0164,illinois,58 Years,2020-12-03
0165,texas,78 Years,2021-04-15
0166,New York,51 Years,2020-10-09
0167,california,87 Years,2018-05-04
0168,new mexico,43 Years,2020-10-04
0169,Georgia,67 Years,2021-04-23
0170,North Dakota,27 Years,2019-02-01
0171,DELAWARE,40 Years,2019-04-21
0172,illinois,67 Years,2021-05-19
0173,louisiana,32 Years,2020-03-20
0174,california,47 Years,2020-06-20
0175,Texas,89 Years,2020-08-14
0176,ohio,72 Years,2020-05-09
0177,ohio,73 Years,2020-02-29
0178,MASSACHUSETTS,56 Years,2022-12-03
0179,california,45 Years,2021-09-05
0180,arizona,70 Years,2020-09-27
0181,georgia,77 Years,2020-11-18
0182,ohio,26 Years,2021-03-11
0183,MARYLAND,69 Years,2020-04-20
0184,texas,71 Years,2018-07-08
0185,Mississippi,50 Years,2021-04-06
0186,alabama,62 Years,2019-06-19
0187,INDIANA,65 Years,2019-08-01
0188,california,68 Years,2022-03-09
0189,IDAHO,28 Years,2021-05-28
0190,utah,27 Years,2021-02-14
0191,Texas,82 Years,2018-08-02
0192,NEW JERSEY,87 Years,2021-05-14
0193,florida,64 Years,2019-10-11
0194,colorado,69 Years,2021-03-03
0195,Missouri,63 Years,2018-04-12
0196,LOUISIANA,75 Years,2022-02-07
0197,ALABAMA,56 Years,2020-02-17
0198,florida,43 Years,2020-09-17
0199,georgia,60 Years,2019-11-02
0200,California,73 Years,2021-12-16
0201,new jersey,44 Years,2021-09-29
0202,texas,44 Years,2020-08-02
0203,north carolina,74 Years,2021-01-28
0204,ILLINOIS,84 Years,2020-04-19
0205,Texas,87 Years,2021-07-26
0206,oregon,86 Years,2020-09-11
0207,texas,44 Years,2019-11-18
0208,TEXAS,32 Years,2020-05-06
0209,california,64 Years,2022-04-30
0210,pennsylvania,81 Years,2019-12-31
0211,Washington,23 Years,2018-06-25
0212,Illinois,63 Years,2019-06-19
0213,new york,64 Years,2019-11-09
0214,florida,77 Years,2021-02-13
0215,Arkansas,50 Years,2018-04-25
0216,NEW YORK,52 Years,2022-05-23
0217,pennsylvania,82 Years,2018-06-17
0218,Washington,34 Years,2019-01-08
0219,PENNSYLVANIA,57 Years,2019-03-29
0220,Colorado,34 Years,2018-11-21
0221,NEW HAMPSHIRE,54 Years,2022-04-11
0222,TEXAS,35 Years,2021-01-17
0223,Kentucky,30 Years,2020-01-27
0224,Tennessee,63 Years,2019-01-20
0225,WISCONSIN,52 Years,2018-04-30
0226,Massachusetts,52 Years,2020-05-14
0227,california,27 Years,2020-09-08
0228,texas,64 Years,2021-07-20
0229,texas,64 Years,2018-11-23
0230,California,52 Years,2019-04-28
0231,Texas,88 Years,2021-11-14
0232,tennessee,59 Years,2019-07-22
0233,NEW YORK,82 Years,2019-02-08
0234,florida,43 Years,2021-06-05
0235,georgia,67 Years,2020-05-03
0236,Georgia,31 Years,2021-06-29
0237,MICHIGAN,29 Years,2021-07-05
0238,pennsylvania,49 Years,2020-08-05
0239,KENTUCKY,67 Years,2020-11-11
0240,INDIANA,33 Years,2019-03-01
0241,ILLINOIS,52 Years,2021-03-02
0242,Oregon,49 Years,2020-11-08
0243,Texas,51 Years,2020-04-15
0244,Michigan,29 Years,2019-10-30
0245,North Dakota,89 Years,2020-06-24
0246,CALIFORNIA,46 Years,2021-06-01
0247,TENNESSEE,29 Years,2019-07-05
0248,New Hampshire,54 Years,2021-12-28
0249,oregon,75 Years,2018-06-22
0250,New York,75 Years,2018-08-03
0251,California,42 Years,2018-06-14
0252,ohio,29 Years,2022-03-20
0253,HAWAII,35 Years,2019-11-19
0254,california,60 Years,2022-10-09
0255,NEW YORK,43 Years,2021-02-20
0256,wisconsin,39 Years,2021-08-19
0257,washington,73 Years,2018-08-11
0258,west virginia,59 Years,2019-10-19
0259,North Carolina,28 Years,2020-05-09
0260,California,37 Years,2021-01-18
0261,Michigan,87 Years,2018-07-25
0262,florida,86 Years,2020-11-02
0263,GEORGIA,62 Years,2019-09-12
0264,ARIZONA,28 Years,2021-03-15
0265,MISSOURI,43 Years,2021-07-15
0266,missouri,39 Years,2022-12-21
0267,New York,79 Years,2018-09-05
0268,new hampshire,23 Years,2021-12-31
0269,ARIZONA,63 Years,2021-01-20
0270,illinois,47 Years,2018-10-08
0271,Arizona,49 Years,2020-08-06
0272,texas,52 Years,2021-04-04
0273,VIRGINIA,33 Years,2019-03-18
0274,new york,83 Years,2018-08-16
0275,Minnesota,53 Years,2019-06-11
0276,CALIFORNIA,20 Years,2021-05-10
0277,MICHIGAN,58 Years,2020-10-28
0278,pennsylvania,74 Years,2019-08-03
0279,new york,39 Years,2021-02-06
0280,CALIFORNIA,58 Years,2019-03-21
0281,FLORIDA,60 Years,2020-05-02
0282,minnesota,20 Years,2021-06-28
0283,utah,26 Years,2021-09-03
0284,new york,40 Years,2018-09-02
0285,Indiana,73 Years,2021-02-10
0286,ARKANSAS,87 Years,2020-07-18
0287,Illinois,51 Years,2021-03-31
0288,florida,35 Years,2021-06-12
0289,california,82 Years,2018-06-02
0290,NORTH CAROLINA,22 Years,2019-08-27
0291,CALIFORNIA,68 Years,2019-09-19
0292,WASHINGTON,27 Years,2018-12-22
0293,maryland,64 Years,2020-05-01
0294,washington,89 Years,2019-05-31
0295,Pennsylvania,53 Years,2019-06-03
0296,Utah,85 Years,2019-09-23
0297,VERMONT,60 Years,2020-05-04
0298,california,22 Years,2021-03-11
0299,washington,40 Years,2018-12-04
0300,TEXAS,73 Years,2019-04-02
0301,tennessee,55 Years,2019-08-14
0302,arizona,21 Years,2018-08-03
0303,Mississippi,45 Years,2019-03-27
0304,california,66 Years,2021-04-10
0305,NEW YORK,88 Years,2018-10-26
0306,New York,27 Years,2020-06-29
0307,Minnesota,30 Years,2021-01-19
0308,MICHIGAN,40 Years,2020-07-08
0309,texas,81 Years,2020-12-14
0310,california,47 Years,2022-06-28
0311,Virginia,22 Years,2019-03-07
0312,Indiana,34 Years,2022-07-11
0313,illinois,89 Years,2020-04-04
0314,Idaho,77 Years,2020-01-01
0315,Oregon,81 Years,2022-10-20
0316,SOUTH DAKOTA,77 Years,2022-02-05
0317,california,34 Years,2022-07-23
0318,TEXAS,23 Years,2021-01-01
0319,ohio,58 Years,2022-05-10
0320,ARIZONA,54 Years,2022-06-29
0321,CALIFORNIA,84 Years,2020-05-05
0322,Texas,77 Years,2018-06-09
0323,kansas,48 Years,2020-08-23
0324,Washington,60 Years,2020-06-19
0325,california,25 Years,2021-04-12
0326,california,67 Years,2019-03-19
0327,illinois,51 Years,2019-01-05
0328,missouri,75 Years,2019-05-30
0329,new york,48 Years,2022-01-14
0330,Indiana,27 Years,2020-06-05
0331,CALIFORNIA,41 Years,2020-04-12
0332,texas,24 Years,2021-02-24
0333,Texas,43 Years,2018-12-17
0334,Pennsylvania,68 Years,2020-10-18
0335,florida,81 Years,2022-02-22
0336,CALIFORNIA,37 Years,2022-08-04
0337,COLORADO,57 Years,2018-06-02
0338,california,84 Years,2018-10-24
0339,OKLAHOMA,60 Years,2022-05-18
0340,New York,69 Years,2020-08-28
0341,California,69 Years,2021-06-29
0342,texas,46 Years,2021-04-29
0343,South Carolina,30 Years,2021-08-20
0344,indiana,79 Years,2020-07-03
0345,CALIFORNIA,72 Years,2022-12-04
0346,maryland,23 Years,2020-05-07
0347,Kentucky,83 Years,2021-04-06
0348,California,82 Years,2019-09-24
0349,colorado,44 Years,2020-06-11
0350,OHIO,45 Years,2020-04-20
0351,Illinois,40 Years,2022-10-22
0352,California,20 Years,2021-02-10
0353,arkansas,45 Years,2021-06-03
0354,Iowa,78 Years,2021-10-22
0355,New York,31 Years,2020-09-22
0356,ILLINOIS,35 Years,2022-08-29
0357,California,59 Years,2020-02-22
0358,Kansas,47 Years,2022-01-22
0359,florida,33 Years,2019-02-03
0360,california,55 Years,2020-07-01
0361,kentucky,89 Years,2022-12-17
0362,MISSOURI,41 Years,2019-02-28
0363,Mississippi,50 Years,2018-10-14
0364,Tennessee,58 Years,2020-05-30
0365,Kentucky,73 Years,2019-01-11
0366,Oklahoma,42 Years,2018-08-01
0367,Massachusetts,41 Years,2021-06-04
0368,Texas,65 Years,2018-11-25
0369,Illinois,84 Years,2020-12-22
0370,Florida,56 Years,2021-04-22
0371,new york,80 Years,2022-01-08
0372,new jersey,63 Years,2022-08-17
0373,Florida,28 Years,2021-05-10
0374,florida,29 Years,2021-07-26
0375,arizona,50 Years,2020-12-11
0376,Tennessee,81 Years,2021-09-15
0377,Nevada,77 Years,2019-05-02
0378,Wisconsin,77 Years,2019-10-19
0379,New York,26 Years,2022-10-03
0380,Washington,43 Years,2020-06-15
0381,south carolina,51 Years,2019-07-14
0382,California,30 Years,2018-09-08
0383,California,87 Years,2021-06-27
0384,New York,31 Years,2021-08-23
0385,INDIANA,64 Years,2020-03-27
0386,Massachusetts,74 Years,2019-02-26
0387,TENNESSEE,81 Years,2022-06-18
0388,Michigan,50 Years,2020-05-04
0389,north carolina,71 Years,2020-08-04
0390,NEBRASKA,25 Years,2019-05-02
0391,Massachusetts,45 Years,2019-02-18
0392,washington,48 Years,2021-05-04
0393,new york,45 Years,2022-03-12
0394,Minnesota,22 Years,2019-01-15
0395,CALIFORNIA,58 Years,2022-05-08
0396,texas,74 Years,2020-09-13
0397,missouri,18 Years,2020-04-24
0398,Georgia,26 Years,2020-09-15
0399,Virginia,22 Years,2019-07-04
0400,Ohio,19 Years,2018-10-30
0401,Texas,84 Years,2021-04-21
0402,Tennessee,43 Years,2021-05-02
0403,California,21 Years,2021-03-30
0404,Alabama,39 Years,2018-12-29
0405,Texas,87 Years,2021-09-18
0406,Kentucky,26 Years,2019-06-30
0407,california,31 Years,2021-10-04
0408,new jersey,37 Years,2021-08-07
0409,wisconsin,71 Years,2021-08-06
0410,Oklahoma,44 Years,2020-08-05
0411,Georgia,63 Years,2018-06-16
0412,North Carolina,74 Years,2021-09-15
0413,COLORADO,33 Years,2018-05-20
0414,california,46 Years,2019-11-21
0415,CALIFORNIA,33 Years,2018-06-24
0416,colorado,25 Years,2020-03-08
0417,colorado,70 Years,2022-06-21
0418,illinois,56 Years,2020-03-26
0419,California,50 Years,2018-09-09
0420,ILLINOIS,29 Years,2022-12-04
0421,california,23 Years,2019-05-02
0422,VERMONT,74 Years,2021-02-03
0423,OHIO,38 Years,2021-05-13
0424,New York,22 Years,2018-06-17
0425,Florida,27 Years,2019-03-16
0426,Alaska,51 Years,2020-05-18
0427,GEORGIA,23 Years,2018-06-18
0428,california,45 Years,2020-06-25
0429,TEXAS,88 Years,2018-05-28
0430,north carolina,58 Years,2020-06-23
0431,ILLINOIS,26 Years,2021-07-19
0432,California,49 Years,2021-06-20
0433,CALIFORNIA,30 Years,2021-06-30
0434,pennsylvania,47 Years,2020-12-07
0435,NORTH CAROLINA,69 Years,2022-06-06
0436,SOUTH CAROLINA,72 Years,2022-05-13
0437,georgia,55 Years,2018-12-30
0438,ohio,24 Years,2021-10-19
0439,Massachusetts,80 Years,2021-11-13
0440,nebraska,18 Years,2019-03-31
0441,louisiana,46 Years,2021-09-28
0442,michigan,51 Years,2021-04-02
0443,iowa,59 Years,2021-02-27
0444,new jersey,64 Years,2019-09-08
0445,MISSISSIPPI,77 Years,2022-10-07
0446,florida,37 Years,2019-06-16
0447,WISCONSIN,26 Years,2018-06-08
0448,louisiana,31 Years,2019-05-27
0449,California,88 Years,2019-06-22
0450,kentucky,79 Years,2019-10-01
0451,TEXAS,89 Years,2020-01-20
0452,pennsylvania,88 Years,2019-09-05
0453,MICHIGAN,41 Years,2018-11-22
0454,California,74 Years,2020-02-07
0455,PENNSYLVANIA,27 Years,2020-05-31
0456,MISSOURI,68 Years,2021-11-26
0457,Wisconsin,37 Years,2020-06-29
0458,new york,30 Years,2021-04-18
0459,TEXAS,80 Years,2019-12-30
0460,New York,40 Years,2021-06-28
0461,pennsylvania,31 Years,2021-04-15
0462,Virginia,50 Years,2018-08-16
0463,Virginia,64 Years,2020-06-04
0464,CALIFORNIA,66 Years,2022-07-05
0465,Virginia,81 Years,2020-05-27
0466,California,40 Years,2022-04-04
0467,pennsylvania,21 Years,2019-04-17
0468,california,50 Years,2020-07-09
0469,Vermont,73 Years,2020-04-27
0470,oregon,75 Years,2021-07-30
0471,California,38 Years,2020-10-08
0472,Michigan,27 Years,2020-06-09
0473,texas,68 Years,2019-03-22
0474,illinois,86 Years,2021-03-03
0475,Washington,83 Years,2021-01-26
0476,new hampshire,75 Years,2021-02-21
0477,wyoming,35 Years,2021-04-20
0478,Georgia,72 Years,2023-02-19
0479,TENNESSEE,59 Years,2021-02-23
0480,massachusetts,22 Years,2019-03-15
0481,alabama,26 Years,2019-05-31
0482,virginia,34 Years,2021-03-14
0483,NEVADA,32 Years,2022-09-26
0484,michigan,37 Years,2018-08-29
0485,GEORGIA,21 Years,2020-01-24
0486,California,60 Years,2021-01-17
0487,New Jersey,40 Years,2021-02-13
0488,CONNECTICUT,56 Years,2020-06-30
0489,Georgia,55 Years,2022-02-21
0490,Montana,18 Years,2021-05-08
0491,texas,84 Years,2020-06-20
0492,california,39 Years,2021-10-04
0493,california,80 Years,2020-04-21
0494,Kentucky,84 Years,2021-08-15
0495,illinois,74 Years,2019-10-05
0496,California,64 Years,2018-11-13
0497,KANSAS,54 Years,2020-05-05
0498,Texas,71 Years,2020-03-31
0499,GEORGIA,71 Years,2021-04-26
0500,WASHINGTON,47 Years,2019-05-21
0501,texas,87 Years,2022-07-06
0502,Minnesota,84 Years,2020-08-30
0503,Pennsylvania,41 Years,2019-11-12
0504,North Carolina,47 Years,2020-02-11
0505,new jersey,63 Years,2021-06-02
0506,texas,89 Years,2021-04-08
0507,New York,68 Years,2020-11-05
0508,florida,44 Years,2020-06-19
0509,Oregon,60 Years,2019-09-25
0510,new york,85 Years,2021-11-21
0511,UTAH,27 Years,2021-06-05
0512,new york,45 Years,2022-06-09
0513,georgia,59 Years,2020-03-10
0514,utah,37 Years,2021-09-15
0515,California,84 Years,2021-04-16
0516,WASHINGTON,75 Years,2021-04-25
0517,California,52 Years,2022-09-05
0518,Kansas,85 Years,2021-04-22
0519,MISSOURI,88 Years,2019-08-06
0520,tennessee,18 Years,2022-03-22
0521,minnesota,43 Years,2020-07-11
0522,Indiana,50 Years,2022-03-13
0523,South Carolina,53 Years,2019-08-20
0524,California,37 Years,2020-12-16
0525,california,19 Years,2018-12-01
0526,Washington,44 Years,2020-05-01
0527,California,79 Years,2023-01-05
0528,New Jersey,48 Years,2020-10-02
0529,Connecticut,76 Years,2018-04-18
0530,Tennessee,23 Years,2022-02-07
0531,florida,60 Years,2021-08-10
0532,new jersey,73 Years,2021-07-09
0533,Tennessee,52 Years,2018-11-05
0534,Illinois,75 Years,2022-10-03
0535,california,52 Years,2020-12-12
0536,Alaska,60 Years,2021-08-12
0537,virginia,44 Years,2021-01-17
0538,california,69 Years,2019-11-28
0539,west virginia,68 Years,2018-09-09
0540,FLORIDA,78 Years,2020-02-28
0541,CALIFORNIA,84 Years,2019-05-21
0542,Kansas,26 Years,2020-06-10
0543,Texas,51 Years,2019-09-02
0544,california,20 Years,2021-09-18
0545,Pennsylvania,71 Years,2020-09-27
0546,South Carolina,66 Years,2021-06-19
0547,Kansas,42 Years,2018-10-18
0548,Indiana,42 Years,2019-01-16
0549,NORTH CAROLINA,35 Years,2020-06-09
0550,California,34 Years,2021-05-02
0551,california,88 Years,2022-03-09
0552,maryland,45 Years,2022-02-14
0553,New York,51 Years,2020-10-09
0554,California,83 Years,2019-08-12
0555,illinois,87 Years,2021-10-07
0556,california,86 Years,2020-06-13
0557,florida,59 Years,2021-12-20
0558,arizona,89 Years,2021-04-13
0559,Tennessee,62 Years,2020-10-23
0560,new jersey,41 Years,2020-06-19
0561,texas,55 Years,2018-09-11
0562,California,70 Years,2022-06-18
0563,minnesota,53 Years,2018-05-16
0564,california,69 Years,2019-05-23
0565,Arizona,28 Years,2019-02-19
0566,florida,83 Years,2022-08-31
0567,California,83 Years,2019-07-02
0568,TENNESSEE,20 Years,2019-04-13
0569,ohio,39 Years,2019-08-31
0570,Nevada,81 Years,2022-09-26
0571,texas,82 Years,2019-07-28
0572,maine,37 Years,2022-04-06
0573,maryland,21 Years,2019-01-17
0574,kentucky,52 Years,2020-03-11
0575,pennsylvania,87 Years,2021-10-03
0576,NEW JERSEY,57 Years,2021-09-27
0577,NEW YORK,46 Years,2019-08-03
0578,NEW YORK,48 Years,2020-07-16
0579,Michigan,35 Years,2020-07-29
0580,Michigan,89 Years,2018-10-30
0581,Florida,23 Years,2021-04-17
0582,Connecticut,43 Years,2020-03-11
0583,pennsylvania,21 Years,2018-10-31
0584,Iowa,86 Years,2018-08-03
0585,ohio,47 Years,2020-08-14
0586,ARKANSAS,85 Years,2019-08-19
0587,VIRGINIA,28 Years,2018-08-23
0588,California,18 Years,2020-04-16
0589,florida,25 Years,2019-09-06
0590,California,57 Years,2021-10-02
0591,North Carolina,77 Years,2020-06-07
0592,California,30 Years,2020-07-18
0593,Indiana,81 Years,2020-08-31
0594,texas,35 Years,2020-11-13
0595,California,60 Years,2020-04-23
0596,ILLINOIS,69 Years,2020-08-25
0597,NORTH CAROLINA,77 Years,2019-07-27
0598,NEW YORK,41 Years,2021-10-17
0599,maryland,37 Years,2018-10-07
0600,OHIO,79 Years,2018-04-25
0601,MARYLAND,33 Years,2020-11-26
0602,colorado,32 Years,2021-02-26
0603,New York,39 Years,2020-09-21
0604,Arizona,48 Years,2020-02-17
0605,Pennsylvania,57 Years,2019-01-09
0606,colorado,49 Years,2019-11-06
0607,georgia,69 Years,2018-11-07
0608,Texas,60 Years,2019-08-13
0609,new jersey,24 Years,2019-07-14
0610,Pennsylvania,34 Years,2021-02-27
0611,Kansas,73 Years,2020-03-02
0612,Massachusetts,59 Years,2020-12-19
0613,VIRGINIA,83 Years,2021-02-26
0614,Arizona,85 Years,2022-12-28
0615,FLORIDA,84 Years,2022-04-28
0616,maine,33 Years,2021-02-14
0617,New York,28 Years,2019-11-15
0618,WASHINGTON,84 Years,2022-05-31
0619,Texas,81 Years,2022-07-10
0620,New Jersey,74 Years,2020-05-03
0621,pennsylvania,33 Years,2022-07-05
0622,New Jersey,23 Years,2020-10-15
0623,Mississippi,47 Years,2020-08-25
0624,california,79 Years,2021-05-19
0625,tennessee,32 Years,2018-10-18
0626,ARIZONA,38 Years,2020-05-02
0627,New Mexico,89 Years,2018-07-28
0628,NEW HAMPSHIRE,43 Years,2020-02-02
0629,washington,19 Years,2020-06-12
0630,NORTH CAROLINA,20 Years,2020-09-13
0631,new jersey,65 Years,2021-10-23
0632,illinois,66 Years,2020-08-13
0633,CALIFORNIA,83 Years,2021-05-27
0634,ALABAMA,54 Years,2019-12-16
0635,ARKANSAS,23 Years,2020-01-09
0636,SOUTH CAROLINA,78 Years,2022-06-20
0637,north carolina,21 Years,2018-10-23
0638,Alabama,31 Years,2020-04-11
0639,TEXAS,59 Years,2021-01-07
0640,Ohio,68 Years,2021-07-31
0641,new york,18 Years,2020-09-20
0642,Louisiana,47 Years,2021-07-01
0643,texas,78 Years,2019-05-14
0644,kansas,60 Years,2020-06-10
0645,New York,62 Years,2021-06-13
0646,Indiana,21 Years,2018-07-03
0647,kansas,62 Years,2018-10-09
0648,nevada,20 Years,2018-07-09
0649,GEORGIA,49 Years,2023-01-31
0650,California,23 Years,2021-04-15
0651,texas,83 Years,2018-08-31
0652,CALIFORNIA,80 Years,2020-01-27
0653,OHIO,88 Years,2022-08-30
0654,iowa,79 Years,2021-10-24
0655,pennsylvania,36 Years,2019-12-05
0656,new york,20 Years,2020-02-13
0657,Illinois,62 Years,2018-06-01
0658,TENNESSEE,24 Years,2022-09-18
0659,Minnesota,38 Years,2020-04-29
0660,Kentucky,87 Years,2023-01-10
0661,ohio,65 Years,2018-07-25
0662,Tennessee,75 Years,2020-06-19
0663,Michigan,71 Years,2020-02-21
0664,OHIO,82 Years,2021-08-25
0665,Texas,26 Years,2021-02-27
0666,Florida,42 Years,2020-12-05
0667,New York,25 Years,2021-07-24
0668,california,38 Years,2018-06-11
0669,illinois,61 Years,2018-07-06
0670,missouri,42 Years,2020-05-20
0671,FLORIDA,60 Years,2021-12-31
0672,NEW YORK,30 Years,2020-12-08
0673,California,55 Years,2019-08-22
0674,new york,78 Years,2020-10-22
0675,Virginia,84 Years,2020-08-28
0676,Indiana,19 Years,2020-02-11
0677,Illinois,75 Years,2022-04-20
0678,texas,73 Years,2021-10-22
0679,Virginia,24 Years,2020-02-07
0680,INDIANA,19 Years,2019-02-28
0681,kentucky,41 Years,2022-04-20
0682,Texas,89 Years,2019-04-18
0683,new york,79 Years,2022-02-23
0684,new york,30 Years,2020-08-23
0685,tennessee,61 Years,2020-12-25
0686,new mexico,61 Years,2020-08-01
0687,MISSISSIPPI,85 Years,2022-05-02
0688,TEXAS,61 Years,2021-05-06
0689,West Virginia,82 Years,2020-07-13
0690,South Carolina,20 Years,2022-09-13
0691,West Virginia,26 Years,2021-02-19
0692,arizona,58 Years,2021-08-20
0693,texas,80 Years,2019-03-15
0694,North Dakota,50 Years,2023-01-11
0695,Pennsylvania,74 Years,2020-09-16
0696,Texas,56 Years,2020-10-04
0697,Florida,55 Years,2021-10-21
0698,PENNSYLVANIA,87 Years,2020-09-18
0699,Nevada,65 Years,2021-01-17
0700,GEORGIA,30 Years,2019-03-06
0701,pennsylvania,67 Years,2020-02-20
0702,Missouri,64 Years,2018-04-24
0703,Indiana,35 Years,2019-06-17
0704,maryland,43 Years,2020-09-29
0705,TEXAS,20 Years,2020-11-07
0706,CALIFORNIA,58 Years,2021-03-18
0707,MICHIGAN,59 Years,2018-07-02
0708,Arizona,19 Years,2020-01-01
0709,north carolina,34 Years,2019-06-24
0710,California,25 Years,2019-07-19
0711,Texas,29 Years,2020-11-19
0712,New Jersey,38 Years,2019-02-27
0713,california,26 Years,2021-07-24
0714,New York,62 Years,2019-03-21
0715,Kentucky,76 Years,2021-04-14
0716,Ohio,38 Years,2021-03-06
0717,ILLINOIS,52 Years,2020-05-15
0718,MISSOURI,26 Years,2021-04-05
0719,ALABAMA,23 Years,2021-10-02
0720,Ohio,60 Years,2020-06-06
0721,new york,72 Years,2018-10-04
0722,VIRGINIA,49 Years,2019-06-27
0723,colorado,18 Years,2018-12-06
0724,new york,73 Years,2019-08-27
0725,New Mexico,25 Years,2019-10-26
0726,CALIFORNIA,61 Years,2018-08-26
0727,California,51 Years,2020-11-14
0728,kentucky,60 Years,2021-03-08
0729,Arizona,79 Years,2020-03-09
0730,Virginia,84 Years,2018-04-17
0731,CALIFORNIA,73 Years,2020-05-12
0732,virginia,78 Years,2021-01-27
0733,Wisconsin,51 Years,2018-07-01
0734,New York,75 Years,2021-01-19
0735,California,28 Years,2019-01-25
0736,Arkansas,34 Years,2020-10-10
0737,south dakota,62 Years,2020-06-17
0738,texas,63 Years,2021-02-16
0739,Washington,79 Years,2020-07-12
0740,new york,63 Years,2022-01-01
0741,OKLAHOMA,52 Years,2021-08-14
0742,Texas,43 Years,2019-05-25
0743,oklahoma,39 Years,2020-07-06
0744,Illinois,69 Years,2022-06-20
0745,michigan,64 Years,2022-06-23
0746,California,33 Years,2021-08-02
0747,minnesota,39 Years,2020-01-08
0748,LOUISIANA,83 Years,2018-12-30
0749,new york,52 Years,2021-08-21
0750,Ohio,27 Years,2018-10-18
0751,texas,88 Years,2019-09-25
0752,Arizona,28 Years,2021-12-11
0753,NORTH CAROLINA,76 Years,2019-05-09
0754,Ohio,72 Years,2019-03-20
0755,NORTH CAROLINA,73 Years,2021-01-25
0756,kansas,86 Years,2020-02-05
0757,New Jersey,85 Years,2018-06-04
0758,Iowa,56 Years,2020-10-17
0759,LOUISIANA,64 Years,2022-05-23
0760,Arkansas,66 Years,2021-10-20
0761,colorado,49 Years,2020-05-16
0762,new york,48 Years,2022-01-24
0763,indiana,74 Years,2020-03-24
0764,mississippi,60 Years,2019-04-26
0765,LOUISIANA,59 Years,2019-08-26
0766,california,86 Years,2021-07-16
0767,California,40 Years,2020-06-16
0768,Oregon,21 Years,2021-03-01
0769,nevada,19 Years,2020-04-28
0770,Florida,86 Years,2022-05-04
0771,California,68 Years,2020-10-27
0772,New Jersey,40 Years,2021-05-04
0773,kentucky,52 Years,2020-12-17
0774,Minnesota,34 Years,2020-11-10
0775,Michigan,27 Years,2022-08-04
0776,virginia,42 Years,2020-07-31
0777,MONTANA,50 Years,2019-08-06
0778,tennessee,25 Years,2021-08-17
0779,west virginia,31 Years,2020-01-24
0780,California,76 Years,2022-11-18
0781,NEW MEXICO,76 Years,2019-01-20
0782,Tennessee,58 Years,2020-04-25
0783,massachusetts,56 Years,2021-07-23
0784,Alabama,70 Years,2022-08-03
0785,CALIFORNIA,79 Years,2019-11-28
0786,California,22 Years,2019-08-22
0787,virginia,36 Years,2020-08-05
0788,CALIFORNIA,87 Years,2021-01-07
0789,California,82 Years,2018-04-18
0790,west virginia,54 Years,2019-11-09
0791,TEXAS,22 Years,2018-07-10
0792,Texas,86 Years,2020-11-23
0793,California,69 Years,2020-05-21
0794,VIRGINIA,61 Years,2019-10-27
0795,WASHINGTON,29 Years,2020-08-26
0796,CALIFORNIA,40 Years,2019-11-01
0797,maryland,85 Years,2018-06-11
0798,TEXAS,68 Years,2019-05-09
0799,north carolina,34 Years,2019-03-04
0800,Florida,83 Years,2019-05-02
0801,michigan,59 Years,2022-12-13
0802,texas,26 Years,2020-08-07
0803,Massachusetts,18 Years,2021-09-11
0804,texas,68 Years,2020-06-30
0805,california,31 Years,2020-12-06
0806,Pennsylvania,86 Years,2018-06-17
0807,california,77 Years,2018-11-25
0808,california,52 Years,2020-11-26
0809,new york,69 Years,2021-07-21
0810,illinois,49 Years,2021-07-10
0811,Arizona,61 Years,2020-05-16
0812,CALIFORNIA,43 Years,2020-07-07
0813,COLORADO,25 Years,2020-02-11
0814,Nevada,29 Years,2021-02-07
0815,Tennessee,65 Years,2021-10-17
0816,NEVADA,29 Years,2020-05-26
0817,missouri,70 Years,2019-10-08
0818,West Virginia,36 Years,2018-05-27
0819,ILLINOIS,59 Years,2021-03-06
0820,Arizona,82 Years,2021-09-26
0821,ohio,28 Years,2018-11-05
0822,TEXAS,37 Years,2021-01-18
0823,Illinois,27 Years,2021-02-24
0824,NEW YORK,42 Years,2020-07-28
0825,KENTUCKY,66 Years,2019-10-18
0826,north carolina,29 Years,2018-04-29
0827,Louisiana,25 Years,2019-09-05
0828,Arkansas,37 Years,2019-03-16
0829,FLORIDA,24 Years,2020-08-10
0830,MARYLAND,75 Years,2020-02-16
0831,Indiana,32 Years,2020-01-24
0832,MASSACHUSETTS,57 Years,2018-10-27
0833,NEW YORK,83 Years,2022-09-15
0834,pennsylvania,27 Years,2021-09-02
0835,Kentucky,63 Years,2019-11-17
0836,california,46 Years,2022-08-19
0837,pennsylvania,78 Years,2020-11-26
0838,Maryland,55 Years,2018-12-03
0839,iowa,24 Years,2021-04-15
0840,georgia,27 Years,2020-05-20
0841,Florida,78 Years,2019-09-25
0842,California,48 Years,2022-03-09
0843,OKLAHOMA,48 Years,2021-10-02
0844,illinois,82 Years,2020-09-27
0845,Louisiana,85 Years,2022-08-15
0846,New York,72 Years,2021-01-15
0847,OHIO,47 Years,2018-11-04
0848,Massachusetts,33 Years,2018-09-22
0849,Illinois,66 Years,2020-01-19
0850,New York,37 Years,2018-04-27
0851,CALIFORNIA,24 Years,2021-01-18
0852,CALIFORNIA,82 Years,2019-02-04
0853,ohio,48 Years,2023-01-15
0854,oklahoma,26 Years,2018-11-09
0855,MICHIGAN,72 Years,2020-07-28
0856,Louisiana,33 Years,2020-06-17
0857,Maryland,87 Years,2022-09-05
0858,south carolina,34 Years,2021-03-15
0859,texas,36 Years,2019-11-07
0860,minnesota,84 Years,2022-02-14
0861,ILLINOIS,59 Years,2018-05-12
0862,Tennessee,39 Years,2021-03-11
0863,NEW YORK,28 Years,2019-11-25
0864,ALABAMA,52 Years,2020-11-03
0865,NORTH CAROLINA,18 Years,2022-01-07
0866,new york,64 Years,2018-08-12
0867,minnesota,39 Years,2022-08-19
0868,TEXAS,69 Years,2020-04-16
0869,Washington,22 Years,2019-01-17
0870,NEW JERSEY,88 Years,2019-04-22
0871,RHODE ISLAND,52 Years,2018-12-19
0872,Alabama,44 Years,2021-11-20
0873,New York,86 Years,2022-01-26
0874,Kansas,20 Years,2019-08-03
0875,SOUTH CAROLINA,68 Years,2018-07-15
0876,california,19 Years,2020-07-08
0877,Maryland,79 Years,2022-12-09
0878,new york,25 Years,2018-05-08
0879,arkansas,82 Years,2022-02-16
0880,florida,62 Years,2019-08-12
0881,CALIFORNIA,55 Years,2021-07-14
0882,new york,24 Years,2022-06-25
0883,Virginia,52 Years,2019-02-02
0884,KENTUCKY,58 Years,2018-10-28
0885,florida,52 Years,2018-05-17
0886,Washington,84 Years,2018-12-06
0887,Texas,37 Years,2020-02-02
0888,Pennsylvania,37 Years,2020-12-31
0889,North Carolina,83 Years,2020-04-20
0890,Illinois,18 Years,2021-08-28
0891,tennessee,40 Years,2020-10-21
0892,California,58 Years,2018-11-12
0893,Florida,18 Years,2018-08-19
0894,florida,50 Years,2022-09-11
0895,texas,65 Years,2021-10-11
0896,tennessee,84 Years,2018-06-25
0897,Texas,37 Years,2021-08-12
0898,Pennsylvania,63 Years,2020-04-02
0899,massachusetts,50 Years,2020-09-19
0900,Michigan,86 Years,2020-01-24
0901,illinois,25 Years,2021-11-12
0902,indiana,74 Years,2020-07-21
0903,NEW JERSEY,32 Years,2021-05-20
0904,CALIFORNIA,88 Years,2020-02-05
0905,texas,70 Years,2019-10-02
0906,Massachusetts,39 Years,2020-10-20
0907,NEVADA,77 Years,2020-09-05
0908,new york,57 Years,2021-12-09
0909,Pennsylvania,78 Years,2018-07-13
0910,new hampshire,45 Years,2021-11-05
0911,missouri,31 Years,2019-12-04
0912,new jersey,64 Years,2019-02-07
0913,KANSAS,52 Years,2019-06-02
0914,FLORIDA,89 Years,2020-05-31
0915,ILLINOIS,30 Years,2018-07-09
0916,Nebraska,56 Years,2022-07-11
0917,MASSACHUSETTS,25 Years,2020-05-06
0918,pennsylvania,37 Years,2021-04-07
0919,virginia,25 Years,2020-04-04
0920,Alabama,47 Years,2020-01-29
0921,ohio,37 Years,2022-01-10
0922,Indiana,23 Years,2019-01-16
0923,TEXAS,34 Years,2020-05-13
0924,OKLAHOMA,26 Years,2021-05-15
0925,texas,42 Years,2020-11-03
0926,Tennessee,75 Years,2020-12-03
0927,MICHIGAN,79 Years,2021-04-16
0928,NEW JERSEY,50 Years,2020-04-23
0929,Massachusetts,18 Years,2021-07-18
0930,new york,84 Years,2019-03-08
0931,Oklahoma,19 Years,2021-01-05
0932,Indiana,47 Years,2020-08-06
0933,Pennsylvania,20 Years,2021-01-12
0934,wisconsin,48 Years,2018-10-15
0935,Minnesota,62 Years,2020-04-08
0936,texas,38 Years,2020-04-08
0937,ohio,80 Years,2020-05-30
0938,virginia,83 Years,2021-07-05
0939,Wisconsin,63 Years,2018-12-21
0940,California,76 Years,2020-04-11
0941,maryland,36 Years,2019-01-01
0942,California,52 Years,2019-04-27
0943,illinois,36 Years,2019-01-13
0944,massachusetts,47 Years,2021-11-22
0945,IOWA,80 Years,2020-10-16
0946,NEW YORK,80 Years,2021-08-07
0947,pennsylvania,73 Years,2022-06-25
0948,florida,78 Years,2018-05-01
0949,Louisiana,28 Years,2018-12-06
0950,Washington,51 Years,2019-11-04
0951,Oregon,25 Years,2019-02-02
0952,Indiana,52 Years,2019-03-12
0953,new mexico,77 Years,2020-07-14
0954,california,63 Years,2020-08-06
0955,OREGON,28 Years,2021-03-13
0956,massachusetts,38 Years,2018-10-27
0957,WASHINGTON,25 Years,2021-02-14
0958,Ohio,63 Years,2020-11-19
0959,South Carolina,82 Years,2018-04-25
0960,new york,57 Years,2019-03-15
0961,Michigan,74 Years,2018-07-04
0962,Ohio,44 Years,2021-12-02
0963,idaho,22 Years,2018-07-02
0964,ILLINOIS,40 Years,2020-11-30
0965,Washington,74 Years,2020-08-04
0966,California,31 Years,2021-01-21
0967,Kentucky,26 Years,2021-05-23
0968,Idaho,26 Years,2021-07-06
0969,Virginia,48 Years,2021-05-05
0970,California,29 Years,2020-05-11
0971,arizona,68 Years,2018-12-30
0972,california,26 Years,2018-04-16
0973,CALIFORNIA,81 Years,2021-02-11
0974,OHIO,19 Years,2021-06-06
0975,washington,25 Years,2021-07-03
0976,NEW YORK,38 Years,2019-07-24
0977,Nevada,38 Years,2021-02-04
0978,Florida,19 Years,2022-08-02
0979,New Jersey,18 Years,2018-11-14
0980,CALIFORNIA,84 Years,2022-04-28
0981,Florida,42 Years,2019-03-12
0982,california,24 Years,2021-06-16
0983,texas,88 Years,2021-05-06
0984,TEXAS,34 Years,2019-08-19
0985,Alabama,18 Years,2022-04-07
0986,MASSACHUSETTS,42 Years,2019-08-01
0987,montana,55 Years,2018-04-23
0988,indiana,87 Years,2020-08-19
0989,Washington,89 Years,2018-05-07
0990,California,64 Years,2020-09-06
0991,virginia,79 Years,2020-02-19
0992,minnesota,43 Years,2018-05-08
0993,new york,27 Years,2019-08-05
0994,FLORIDA,78 Years,2018-06-02
0995,NEW JERSEY,89 Years,2019-12-19
0996,WISCONSIN,83 Years,2020-10-16
0997,wisconsin,50 Years,2021-02-19
0998,illinois,50 Years,2018-06-26
0999,Alabama,66 Years,2020-01-11
1000,wisconsin,59 Years,2020-08-01
1001,georgia,81 Years,2022-01-09
1002,utah,30 Years,2021-09-04
1003,CALIFORNIA,75 Years,2020-11-24
1004,california,87 Years,2020-05-04
1005,NORTH DAKOTA,87 Years,2019-04-22
1006,Wisconsin,85 Years,2020-06-15
1007,california,40 Years,2020-04-15
1008,texas,87 Years,2022-10-29
1009,texas,65 Years,2020-05-10
1010,Louisiana,47 Years,2021-09-30
1011,north carolina,32 Years,2020-09-23
1012,tennessee,59 Years,2022-03-06
1013,michigan,41 Years,2018-08-09
1014,New York,87 Years,2020-11-28
1015,wisconsin,52 Years,2019-10-10
1016,kansas,56 Years,2021-03-24
1017,florida,38 Years,2022-07-14
1018,massachusetts,44 Years,2021-07-20
1019,Massachusetts,80 Years,2021-01-12
1020,Pennsylvania,41 Years,2020-10-26
1021,Tennessee,43 Years,2019-09-29
1022,Indiana,84 Years,2021-12-13
1023,new york,49 Years,2022-03-31
1024,florida,35 Years,2018-07-16
1025,new york,42 Years,2020-06-10
1026,oklahoma,24 Years,2020-02-09
1027,NEW YORK,71 Years,2018-08-28
1028,OHIO,24 Years,2019-02-14
1029,illinois,40 Years,2018-09-30
1030,georgia,51 Years,2019-04-25
1031,Florida,22 Years,2020-06-30
1032,Virginia,56 Years,2021-04-29
1033,Arizona,47 Years,2019-07-30
1034,new jersey,68 Years,2021-06-15
1035,MICHIGAN,48 Years,2018-09-17
1036,MASSACHUSETTS,63 Years,2020-11-01
1037,Virginia,78 Years,2019-09-21
1038,ALABAMA,85 Years,2022-02-27
1039,ARKANSAS,51 Years,2020-03-01
1040,idaho,42 Years,2018-11-17
1041,MISSOURI,76 Years,2022-03-04
1042,new hampshire,43 Years,2018-08-17
1043,California,35 Years,2022-02-16
1044,kentucky,73 Years,2021-05-08
1045,NEW JERSEY,74 Years,2018-08-23
1046,illinois,30 Years,2023-03-06
1047,IOWA,67 Years,2019-04-30
1048,oklahoma,59 Years,2018-12-20
1049,louisiana,60 Years,2019-07-11
1050,Kentucky,75 Years,2020-10-05
1051,Ohio,55 Years,2021-12-13
1052,utah,26 Years,2019-05-30
1053,indiana,45 Years,2019-05-30
1054,Oregon,60 Years,2018-09-16
1055,georgia,62 Years,2021-04-17
1056,louisiana,31 Years,2018-05-06
1057,Michigan,44 Years,2020-06-23
1058,GEORGIA,48 Years,2021-06-11
1059,florida,79 Years,2021-05-23
1060,ALABAMA,21 Years,2020-03-24
1061,California,54 Years,2021-06-24
1062,california,86 Years,2020-08-23
1063,california,69 Years,2020-07-02
1064,virginia,24 Years,2018-07-11
1065,TEXAS,46 Years,2020-10-25
1066,new york,27 Years,2020-05-18
1067,colorado,67 Years,2021-09-10
1068,IOWA,31 Years,2020-11-30
1069,arizona,71 Years,2019-07-16
1070,new jersey,85 Years,2019-09-10
1071,Pennsylvania,82 Years,2019-05-01
1072,Michigan,81 Years,2021-08-08
1073,Texas,73 Years,2021-07-06
1074,New York,61 Years,2021-12-13
1075,Utah,69 Years,2021-01-01
1076,Florida,42 Years,2020-12-05
1077,pennsylvania,29 Years,2020-12-13
1078,ARIZONA,78 Years,2020-11-07
1079,kentucky,59 Years,2022-01-20
1080,NEW YORK,84 Years,2018-10-27
1081,PENNSYLVANIA,79 Years,2021-07-04
1082,TENNESSEE,83 Years,2021-01-25
1083,Wisconsin,63 Years,2020-07-29
1084,Arizona,50 Years,2018-12-11
1085,Idaho,70 Years,2021-11-24
1086,ohio,57 Years,2020-12-09
1087,California,45 Years,2019-11-28
1088,california,40 Years,2022-03-16
1089,ILLINOIS,54 Years,2020-11-04
1090,Ohio,63 Years,2021-07-26
1091,Maine,73 Years,2021-06-30
1092,michigan,87 Years,2020-08-19
1093,california,71 Years,2019-01-26
1094,texas,59 Years,2021-01-10
1095,NORTH CAROLINA,20 Years,2020-06-30
1096,North Carolina,29 Years,2020-02-27
1097,New York,41 Years,2022-02-05
1098,Wisconsin,24 Years,2020-09-30
1099,michigan,58 Years,2019-10-20
1100,virginia,55 Years,2020-04-19
1101,Oregon,71 Years,2021-12-12
1102,Montana,32 Years,2019-05-02
1103,kansas,87 Years,2019-08-01
1104,texas,82 Years,2021-02-08
1105,massachusetts,34 Years,2019-08-08
1106,MICHIGAN,55 Years,2019-10-01
1107,California,80 Years,2021-09-19
1108,ohio,76 Years,2021-06-30
1109,florida,74 Years,2018-08-22
1110,Missouri,68 Years,2020-09-07
1111,michigan,40 Years,2019-01-29
1112,Texas,20 Years,2020-07-06
1113,georgia,25 Years,2020-12-30
1114,Arizona,51 Years,2018-11-01
1115,FLORIDA,48 Years,2022-04-16
1116,Maryland,21 Years,2020-11-20
1117,Texas,21 Years,2022-03-25
1118,Arizona,87 Years,2018-11-28
1119,connecticut,36 Years,2021-12-18
1120,georgia,36 Years,2020-07-14
1121,ohio,21 Years,2020-01-18
1122,CALIFORNIA,18 Years,2020-04-13
1123,WASHINGTON,47 Years,2020-09-25
1124,Florida,82 Years,2020-12-04
1125,California,32 Years,2019-04-14
1126,Washington,65 Years,2018-07-17
1127,california,70 Years,2020-03-26
1128,ILLINOIS,31 Years,2020-01-18
1129,California,22 Years,2020-01-17
1130,Georgia,23 Years,2018-10-27
1131,tennessee,76 Years,2019-07-08
1132,NEW YORK,34 Years,2019-09-19
1133,florida,72 Years,2021-08-03
1134,texas,49 Years,2019-08-26
1135,Texas,19 Years,2018-05-03
1136,maryland,22 Years,2020-12-23
1137,Massachusetts,81 Years,2021-11-04
1138,CALIFORNIA,19 Years,2018-08-01
1139,new york,61 Years,2020-07-25
1140,Maryland,39 Years,2021-01-26
1141,virginia,78 Years,2020-04-16
1142,california,62 Years,2021-08-09
1143,nebraska,73 Years,2020-06-23
1144,Tennessee,69 Years,2021-08-22
1145,Washington,70 Years,2019-02-07
1146,tennessee,61 Years,2020-12-08
1147,MISSOURI,22 Years,2018-10-26
1148,west virginia,23 Years,2021-06-17
1149,New Hampshire,30 Years,2021-02-27
1150,south dakota,73 Years,2021-01-19
1151,Georgia,59 Years,2018-07-25
1152,WASHINGTON,63 Years,2022-02-27
1153,louisiana,54 Years,2018-04-23
1154,North Carolina,80 Years,2018-07-22
1155,colorado,39 Years,2021-03-15
1156,California,67 Years,2021-04-04
1157,TEXAS,37 Years,2022-05-22
1158,Washington,62 Years,2021-09-17
1159,ohio,50 Years,2019-02-15
1160,california,65 Years,2019-08-05
1161,Kansas,56 Years,2020-10-12
1162,alabama,36 Years,2020-04-27
1163,utah,37 Years,2020-05-18
1164,florida,51 Years,2020-01-01
1165,Massachusetts,57 Years,2021-04-11
1166,VIRGINIA,39 Years,2019-04-18
1167,FLORIDA,54 Years,2021-06-01
1168,NEW JERSEY,76 Years,2020-09-25
1169,ILLINOIS,50 Years,2021-05-28
1170,NEW MEXICO,60 Years,2019-07-01
1171,CALIFORNIA,85 Years,2019-07-29
1172,CALIFORNIA,81 Years,2018-08-18
1173,Washington,53 Years,2022-04-28
1174,pennsylvania,52 Years,2020-01-03
1175,pennsylvania,30 Years,2021-07-03
1176,new york,62 Years,2023-03-16
1177,TEXAS,25 Years,2020-10-27
1178,north carolina,65 Years,2020-04-12
1179,Colorado,26 Years,2020-10-24
1180,INDIANA,47 Years,2020-11-07
1181,massachusetts,65 Years,2019-12-01
1182,arizona,21 Years,2019-02-13
1183,wisconsin,73 Years,2018-05-26
1184,california,55 Years,2018-12-30
1185,Wisconsin,51 Years,2019-03-17
1186,New Jersey,55 Years,2019-07-30
1187,MARYLAND,23 Years,2019-12-15
1188,kansas,31 Years,2020-01-12
1189,MINNESOTA,33 Years,2019-04-14
1190,Indiana,24 Years,2021-02-05
1191,IDAHO,79 Years,2021-10-27
1192,North Carolina,31 Years,2018-07-04
1193,ALABAMA,82 Years,2021-09-15
1194,MICHIGAN,85 Years,2020-11-06
1195,Wisconsin,46 Years,2022-09-12
1196,California,49 Years,2020-11-15
1197,Arizona,38 Years,2022-08-02
1198,New York,47 Years,2021-08-24
1199,illinois,68 Years,2020-06-01
1200,ohio,59 Years,2018-09-28
1201,NEW JERSEY,35 Years,2020-07-13
1202,minnesota,74 Years,2021-03-10
1203,california,20 Years,2020-09-29
1204,Florida,30 Years,2021-10-13
1205,Pennsylvania,19 Years,2019-03-30
1206,Washington,76 Years,2020-02-06
1207,Arkansas,18 Years,2018-04-30
1208,indiana,82 Years,2020-06-08
1209,texas,81 Years,2022-01-28
1210,oklahoma,47 Years,2021-09-08
1211,California,73 Years,2020-09-11
1212,Michigan,75 Years,2019-03-18
1213,california,88 Years,2021-12-24
1214,texas,89 Years,2020-10-16
1215,Illinois,76 Years,2021-09-13
1216,oregon,76 Years,2020-09-10
1217,MARYLAND,62 Years,2019-10-17
1218,michigan,74 Years,2021-11-26
1219,MISSISSIPPI,44 Years,2021-12-02
1220,california,18 Years,2021-09-02
1221,CALIFORNIA,81 Years,2020-04-13
1222,south carolina,74 Years,2020-12-26
1223,California,21 Years,2019-05-06
1224,Kansas,18 Years,2018-06-14
1225,California,83 Years,2021-02-03
1226,california,24 Years,2018-09-27
1227,Pennsylvania,33 Years,2021-01-16
1228,missouri,40 Years,2022-01-13
1229,Florida,70 Years,2020-11-22
1230,new york,38 Years,2018-11-05
1231,INDIANA,42 Years,2021-11-03
1232,Georgia,52 Years,2021-11-17
1233,texas,62 Years,2019-01-28
1234,MONTANA,62 Years,2020-03-23
1235,north dakota,85 Years,2018-10-25
1236,Hawaii,89 Years,2019-02-13
1237,Florida,53 Years,2020-06-26
1238,ALABAMA,44 Years,2022-08-11
1239,Texas,49 Years,2020-05-09
1240,nebraska,48 Years,2020-12-18
1241,california,21 Years,2020-05-17
1242,new york,55 Years,2020-07-08
1243,OHIO,35 Years,2020-12-31
1244,Ohio,56 Years,2019-09-28
1245,MINNESOTA,64 Years,2019-02-12
1246,FLORIDA,74 Years,2022-03-27
1247,new york,75 Years,2020-01-26
1248,OREGON,47 Years,2020-08-28
1249,SOUTH DAKOTA,50 Years,2021-01-25
1250,florida,77 Years,2022-06-14
1251,North Carolina,21 Years,2021-03-09
1252,ohio,27 Years,2019-01-07
1253,FLORIDA,77 Years,2018-12-18
1254,TEXAS,34 Years,2018-09-30
1255,louisiana,71 Years,2021-08-02
1256,ARKANSAS,26 Years,2018-04-25
1257,California,48 Years,2020-11-20
1258,california,36 Years,2020-07-20
1259,illinois,87 Years,2022-07-29
1260,Kentucky,61 Years,2018-06-15
1261,ohio,45 Years,2020-06-16
1262,FLORIDA,47 Years,2019-02-22
1263,MISSISSIPPI,30 Years,2019-01-18
1264,ILLINOIS,45 Years,2019-03-12
1265,New York,18 Years,2021-01-12
1266,Pennsylvania,55 Years,2020-09-15
1267,Michigan,74 Years,2020-12-07
1268,Wisconsin,61 Years,2021-07-28
1269,florida,76 Years,2021-06-20
1270,WISCONSIN,29 Years,2018-12-12
1271,Ohio,54 Years,2021-05-09
1272,California,53 Years,2020-08-05
1273,MINNESOTA,89 Years,2018-08-25
1274,LOUISIANA,71 Years,2019-11-22
1275,MAINE,37 Years,2019-12-03
1276,oklahoma,25 Years,2020-09-29
1277,montana,33 Years,2019-10-12
1278,FLORIDA,79 Years,2019-09-03
1279,california,83 Years,2021-02-13
1280,Tennessee,84 Years,2021-09-25
1281,Illinois,43 Years,2020-03-01
1282,New Jersey,38 Years,2019-11-07
1283,Mississippi,35 Years,2020-07-18
1284,New Jersey,86 Years,2020-11-12
1285,ALABAMA,30 Years,2021-06-07
1286,massachusetts,65 Years,2020-07-05
1287,Louisiana,74 Years,2020-07-16
1288,LOUISIANA,76 Years,2018-07-27
1289,TEXAS,86 Years,2021-01-20
1290,TENNESSEE,75 Years,2020-06-13
1291,CALIFORNIA,76 Years,2020-08-25
1292,georgia,29 Years,2018-10-30
1293,California,19 Years,2019-03-22
1294,ILLINOIS,87 Years,2019-04-04
1295,south carolina,84 Years,2020-07-10
1296,INDIANA,30 Years,2018-10-02
1297,Virginia,57 Years,2021-12-07
1298,illinois,20 Years,2018-08-20
1299,TEXAS,48 Years,2018-07-01
1300,texas,33 Years,2018-12-14
1301,Ohio,34 Years,2019-09-04
1302,alabama,60 Years,2020-08-09
1303,Washington,81 Years,2018-10-26
1304,Nevada,89 Years,2019-08-01
1305,ohio,80 Years,2020-03-27
1306,GEORGIA,66 Years,2020-12-12
1307,new york,24 Years,2021-05-22
1308,new york,69 Years,2018-05-17
1309,CALIFORNIA,76 Years,2021-05-26
1310,MICHIGAN,40 Years,2022-02-01
1311,TEXAS,52 Years,2021-02-11
1312,texas,21 Years,2020-04-18
1313,washington,63 Years,2022-01-18
1314,Oklahoma,20 Years,2019-06-27
1315,minnesota,75 Years,2019-08-12
1316,New Hampshire,40 Years,2019-01-23
1317,CALIFORNIA,19 Years,2021-06-15
1318,california,89 Years,2020-07-12
1319,WISCONSIN,77 Years,2020-08-16
1320,florida,46 Years,2021-02-13
1321,maryland,71 Years,2019-08-31
1322,NEW YORK,72 Years,2020-06-29
1323,california,85 Years,2019-09-07
1324,West Virginia,63 Years,2018-10-27
1325,Massachusetts,69 Years,2019-12-03
1326,Alaska,64 Years,2018-07-23
1327,Georgia,83 Years,2020-03-25
1328,massachusetts,59 Years,2020-04-14
1329,michigan,85 Years,2018-08-12
1330,florida,37 Years,2019-05-14
1331,ohio,29 Years,2022-03-06
1332,massachusetts,78 Years,2020-06-17
1333,Maryland,55 Years,2022-09-26
1334,texas,44 Years,2019-10-09
1335,california,61 Years,2020-05-31
1336,massachusetts,58 Years,2018-06-19
1337,ohio,18 Years,2020-08-23
1338,indiana,43 Years,2020-03-16
1339,florida,26 Years,2020-11-16
1340,Pennsylvania,49 Years,2020-08-01
1341,Pennsylvania,87 Years,2019-04-01
1342,CALIFORNIA,53 Years,2019-07-13
1343,maryland,21 Years,2020-12-07
1344,california,53 Years,2019-01-04
1345,Washington,22 Years,2021-07-10
1346,Texas,43 Years,2019-12-23
1347,UTAH,19 Years,2020-04-26
1348,colorado,44 Years,2018-09-23
1349,CALIFORNIA,28 Years,2020-08-26
1350,georgia,47 Years,2020-04-26
1351,WISCONSIN,77 Years,2018-04-29
1352,california,78 Years,2022-12-01
1353,california,80 Years,2019-10-20
1354,California,72 Years,2022-05-30
1355,oregon,19 Years,2019-12-05
1356,Georgia,58 Years,2020-07-08
1357,Texas,83 Years,2018-09-23
1358,CALIFORNIA,72 Years,2019-06-24
1359,indiana,22 Years,2018-06-10
1360,new york,18 Years,2021-04-27
1361,maryland,56 Years,2018-10-27
1362,Michigan,50 Years,2020-07-01
1363,texas,84 Years,2020-01-29
1364,north carolina,29 Years,2019-10-03
1365,ohio,28 Years,2021-03-16
1366,VIRGINIA,70 Years,2018-04-25
1367,New York,33 Years,2019-03-17
1368,California,71 Years,2022-06-13
1369,New York,66 Years,2019-02-11
1370,Indiana,60 Years,2020-12-01
1371,Maryland,35 Years,2021-03-24
1372,Kentucky,29 Years,2021-07-22
1373,North Carolina,46 Years,2020-09-10
1374,NORTH CAROLINA,33 Years,2020-02-06
1375,California,46 Years,2020-01-26
1376,tennessee,85 Years,2021-04-11
1377,texas,39 Years,2020-12-05
1378,Pennsylvania,36 Years,2018-09-11
1379,Tennessee,70 Years,2019-07-14
1380,illinois,62 Years,2021-04-06
1381,new jersey,73 Years,2020-05-29
1382,Maryland,48 Years,2021-11-07
1383,Ohio,69 Years,2020-12-19
1384,nevada,58 Years,2022-10-11
1385,alabama,67 Years,2020-10-21
1386,Texas,26 Years,2021-12-02
1387,OKLAHOMA,34 Years,2020-05-03
1388,Wisconsin,20 Years,2019-08-23
1389,california,72 Years,2020-08-31
1390,OKLAHOMA,21 Years,2019-05-21
1391,kentucky,59 Years,2020-10-11
1392,Florida,60 Years,2020-07-30
1393,TEXAS,71 Years,2022-06-14
1394,nebraska,50 Years,2020-05-03
1395,Rhode Island,59 Years,2019-07-25
1396,colorado,87 Years,2021-06-20
1397,New York,72 Years,2019-02-26
1398,Montana,76 Years,2019-08-16
1399,virginia,58 Years,2021-03-09
1400,michigan,38 Years,2021-01-03
1401,california,49 Years,2019-07-11
1402,California,58 Years,2018-05-14
1403,ohio,67 Years,2021-08-23
1404,new hampshire,56 Years,2019-12-04
1405,missouri,18 Years,2018-08-22
1406,tennessee,26 Years,2020-06-25
1407,Arkansas,70 Years,2021-11-29
1408,New Jersey,31 Years,2020-09-21
1409,north carolina,58 Years,2023-02-23
1410,California,21 Years,2021-04-25
1411,New York,66 Years,2020-02-06
1412,missouri,20 Years,2019-08-13
1413,new york,27 Years,2019-03-29
1414,Minnesota,20 Years,2021-08-20
1415,Oregon,84 Years,2019-02-04
1416,louisiana,47 Years,2019-12-10
1417,south carolina,40 Years,2019-06-09
1418,texas,46 Years,2022-01-02
1419,Wisconsin,27 Years,2023-01-03
1420,Wisconsin,66 Years,2021-05-21
1421,MISSOURI,61 Years,2021-07-19
1422,ARKANSAS,72 Years,2019-03-13
1423,TEXAS,36 Years,2022-01-01
1424,New York,61 Years,2022-02-14
1425,oklahoma,78 Years,2020-12-12
1426,california,38 Years,2021-01-14
1427,New York,58 Years,2020-11-30
1428,New York,67 Years,2020-03-22
1429,CALIFORNIA,68 Years,2020-09-15
1430,FLORIDA,59 Years,2018-06-13
1431,florida,23 Years,2020-11-24
1432,OREGON,69 Years,2021-04-16
1433,North Carolina,62 Years,2020-09-17
1434,New Jersey,31 Years,2021-01-30
1435,TEXAS,85 Years,2020-06-21
1436,CALIFORNIA,55 Years,2019-12-18
1437,maryland,49 Years,2020-08-26
1438,Florida,58 Years,2021-12-30
1439,Wisconsin,70 Years,2021-05-18
1440,pennsylvania,74 Years,2021-01-03
1441,Virginia,74 Years,2018-05-27
1442,New York,54 Years,2020-03-07
1443,indiana,84 Years,2019-12-11
1444,texas,33 Years,2022-11-21
1445,Pennsylvania,79 Years,2021-02-11
1446,CALIFORNIA,76 Years,2019-03-06
1447,UTAH,40 Years,2021-01-20
1448,CALIFORNIA,55 Years,2019-08-14
1449,new jersey,68 Years,2020-09-01
1450,GEORGIA,66 Years,2021-11-29
1451,Ohio,54 Years,2021-09-28
1452,Massachusetts,81 Years,2020-02-02
1453,Texas,78 Years,2022-12-12
1454,GEORGIA,58 Years,2021-06-21
1455,virginia,33 Years,2019-08-06
1456,Texas,29 Years,2021-01-06
1457,OREGON,66 Years,2021-08-06
1458,Wisconsin,43 Years,2020-08-29
1459,VIRGINIA,44 Years,2021-06-07
1460,GEORGIA,50 Years,2019-02-07
1461,North Carolina,84 Years,2019-06-17
1462,texas,43 Years,2018-08-16
1463,ohio,63 Years,2019-12-21
1464,Arizona,82 Years,2021-09-12
1465,Connecticut,88 Years,2021-09-18
1466,california,70 Years,2020-10-17
1467,north carolina,20 Years,2019-03-02
1468,Pennsylvania,23 Years,2022-08-14
1469,CALIFORNIA,58 Years,2021-03-24
1470,MICHIGAN,30 Years,2018-04-12
1471,massachusetts,38 Years,2020-11-12
1472,virginia,34 Years,2020-08-31
1473,TENNESSEE,53 Years,2021-09-23
1474,Illinois,25 Years,2020-02-24
1475,texas,58 Years,2021-11-04
1476,texas,27 Years,2020-10-11
1477,New York,40 Years,2019-09-09
1478,north carolina,43 Years,2019-11-07
1479,LOUISIANA,77 Years,2020-06-04
1480,New York,33 Years,2019-10-04
1481,NEW YORK,45 Years,2020-08-01
1482,New Jersey,23 Years,2021-02-07
1483,Ohio,69 Years,2020-07-18
1484,Texas,74 Years,2021-01-31
1485,Arizona,37 Years,2020-04-23
1486,Texas,49 Years,2018-05-21
1487,georgia,19 Years,2018-10-16
1488,Louisiana,54 Years,2018-12-05
1489,Kansas,27 Years,2019-11-16
1490,indiana,60 Years,2018-05-17
1491,WASHINGTON,75 Years,2018-08-30
1492,pennsylvania,80 Years,2021-11-30
1493,TENNESSEE,22 Years,2021-09-15
1494,texas,70 Years,2019-02-20
1495,OHIO,80 Years,2021-11-25
1496,CALIFORNIA,27 Years,2020-04-06
1497,Kentucky,62 Years,2021-01-06
1498,texas,45 Years,2019-08-14
1499,WISCONSIN,25 Years,2018-11-02
1500,Delaware,66 Years,2020-08-01
