policy_id,start_date,policy_type,active
643cee8e,2021-03-18,US,FALSE
ce8819ac,2020-10-29,US,FALSE
13625927,2020-08-22,International,FALSE
3a5be741,2021-01-29,International,FALSE
b61b1846,2022-02-16,International,FALSE
1fe6b1b0,2022-10-09,US,TRUE
ca58ecc0,2021-11-16,US,FALSE
58282b6b,2022-12-08,International,TRUE
6dbf4954,2021-10-22,International,FALSE
6e041de6,2020-06-02,US,FALSE
24076025,2022-11-14,US,TRUE
46100d46,2021-10-28,US,FALSE
52f85b64,2021-07-20,US,FALSE
6ef05339,2022-02-19,US,FALSE
aca5099b,2020-09-01,US,FALSE
27ee1410,2020-07-28,US,FALSE
a4b8f43a,2023-02-06,International,TRUE
195aa8cb,2022-12-29,US,TRUE
dd574014,2023-01-28,International,TRUE
6eaa608c,2021-02-10,US,FALSE
876cca79,2021-09-27,US,FALSE
32ad53c9,2021-03-10,US,FALSE
8fd3a232,2020-12-15,US,FALSE
6aa9987f,2022-06-11,US,TRUE
c7957649,2021-04-16,US,FALSE
fa6bf284,2022-09-02,US,TRUE
9d832b49,2021-03-26,US,FALSE
65bfae75,2023-03-13,International,TRUE
49a8b4d5,2022-12-14,US,TRUE
d084578a,2022-08-06,US,TRUE
9bbce241,2022-02-15,International,FALSE
08702803,2020-06-03,US,FALSE
18f69012,2021-12-15,International,FALSE
73f11022,2021-11-26,US,FALSE
3740c96d,2022-03-29,US,FALSE
649e872f,2022-02-09,US,FALSE
14fdd005,2021-07-12,US,FALSE
4d605fcb,2020-10-20,International,FALSE
83df5b9c,2020-12-31,US,FALSE
51ce68b4,2022-08-14,US,TRUE
bc7971fa,2020-10-16,International,FALSE
655a6fa6,2022-01-07,US,FALSE
09c60a9c,2020-12-14,International,FALSE
34062b95,2021-09-04,US,FALSE
68d0eec2,2023-03-02,US,TRUE
14edb1ee,2022-03-21,US,FALSE
189fe173,2021-04-14,US,FALSE
25b08960,2021-06-03,US,FALSE
481ce430,2023-03-25,US,TRUE
205c8677,2021-04-25,US,FALSE
05c42698,2022-09-21,US,TRUE
b0894d6d,2023-02-04,International,TRUE
51541726,2022-06-26,US,TRUE
a18cb0f2,2022-05-26,US,TRUE
c1a8e0a3,2020-12-06,US,FALSE
94ca8b58,2020-05-21,US,FALSE
6a279099,2022-09-28,US,TRUE
4586a2d5,2021-11-10,US,FALSE
98c78bda,2020-12-27,US,FALSE
226f9d22,2021-12-17,US,FALSE
096c3a00,2023-01-17,US,TRUE
9b9863ed,2020-11-01,US,FALSE
5fcdc1ff,2021-12-04,US,FALSE
72f72439,2022-12-15,US,TRUE
72628bb7,2020-06-24,US,FALSE
60f44d66,2021-05-24,International,FALSE
8ee1c493,2023-01-27,International,TRUE
242d154c,2023-02-09,US,TRUE
7f885ff4,2022-02-07,International,FALSE
73c6e9e2,2021-09-07,US,FALSE
9ca351b6,2022-07-24,US,TRUE
21fa09cf,2022-07-25,International,TRUE
3bec3779,2022-06-17,US,TRUE
7cf2ece4,2022-01-24,US,FALSE
31e05e1b,2021-09-22,US,FALSE
68c407c2,2022-11-01,US,TRUE
a8c3ab4e,2021-08-25,International,FALSE
cbafd350,2020-11-22,US,FALSE
a93b55c5,2022-10-13,US,TRUE
1b89d25f,2023-03-11,US,TRUE
87f7eb00,2021-02-08,US,FALSE
b198621c,2021-01-20,International,FALSE
fb000c77,2022-11-10,US,TRUE
4e543a31,2020-11-27,US,FALSE
3dac6b89,2020-11-18,International,FALSE
e54d2386,2023-01-26,US,TRUE
cb10a64f,2021-07-19,US,FALSE
e689ce9c,2020-07-03,International,FALSE
b97a6bd5,2022-03-05,US,FALSE
05d6de84,2022-06-27,International,TRUE
9376733f,2021-06-29,US,FALSE
32751f79,2022-01-19,US,FALSE
f58c50d9,2022-09-25,International,TRUE
12e1f222,2022-07-05,US,TRUE
edf8b86c,2021-02-04,International,FALSE
a62f1cec,2020-07-22,International,FALSE
5e0f5155,2020-11-13,International,FALSE
ef841c10,2020-08-09,International,FALSE
a85074b5,2022-05-17,US,TRUE
9323eafc,2022-05-08,US,TRUE
e9a87ab7,2021-05-08,US,FALSE
f853dedf,2021-09-10,US,FALSE
2a265150,2022-01-19,US,FALSE
3687d5d2,2020-12-09,International,FALSE
d0dd90ac,2022-06-08,US,TRUE
3df4dc06,2020-07-14,US,FALSE
ba968a30,2022-01-06,US,FALSE
361c636c,2021-01-14,US,FALSE
2c8e4a6d,2021-05-17,International,FALSE
76e0c098,2021-02-25,US,FALSE
497538d5,2021-04-09,International,FALSE
8ba612b4,2020-10-05,US,FALSE
5b6ddab1,2022-01-06,US,FALSE
8666dd22,2020-05-14,US,FALSE
b7422c72,2022-05-15,US,TRUE
4db08dd6,2021-11-27,US,FALSE
8b804147,2022-08-31,US,TRUE
4736c67f,2021-12-10,US,FALSE
735f83bf,2022-09-18,International,TRUE
0311ea6f,2021-08-31,US,FALSE
711c674f,2022-09-10,US,TRUE
1d821527,2021-02-03,International,FALSE
e3c7398b,2020-10-06,US,FALSE
2fcafac3,2020-12-19,US,FALSE
f9ac15c4,2021-04-04,US,FALSE
2c16db0a,2022-04-11,International,TRUE
84cb383f,2021-11-05,US,FALSE
12188906,2020-04-22,US,FALSE
9c70bea3,2022-07-02,US,TRUE
f314718f,2022-07-21,US,TRUE
564d8019,2020-06-03,US,FALSE
1c7b74e0,2020-05-02,US,FALSE
1fe7a3b9,2022-06-25,US,TRUE
8cf765f0,2021-08-31,International,FALSE
2dbd8d2f,2020-09-28,US,FALSE
6c48d43e,2021-08-26,US,FALSE
b7b84c44,2020-04-30,International,FALSE
3a134560,2021-10-28,International,FALSE
e1cf1599,2022-11-10,US,TRUE
fc4279f4,2021-01-13,US,FALSE
649eecf0,2021-11-02,International,FALSE
e086878b,2020-07-09,US,FALSE
4e49f001,2022-01-12,International,FALSE
e60fabfe,2021-05-29,US,FALSE
475a8002,2022-01-09,US,FALSE
cdb5b0b8,2020-07-21,US,FALSE
5ed9b196,2021-10-06,US,FALSE
69188d89,2022-09-18,US,TRUE
b9edd6a7,2020-12-17,US,FALSE
1c233300,2022-05-20,US,TRUE
dd8dde94,2020-10-13,US,FALSE
bfbd833b,2021-03-29,US,FALSE
04b0353d,2022-02-09,US,FALSE
b0274ce1,2020-05-06,International,FALSE
654ad3ea,2020-10-02,US,FALSE
d919bab6,2020-10-21,US,FALSE
0c44f357,2021-12-13,US,FALSE
c6fc1c4e,2021-07-26,International,FALSE
66476679,2021-09-24,US,FALSE
4ea0b550,2023-02-04,US,TRUE
beb03eee,2022-08-19,International,TRUE
ef7944ed,2022-10-15,US,TRUE
3676677f,2021-05-19,US,FALSE
fbdddf5e,2020-12-03,US,FALSE
7b7ebcdb,2021-09-01,US,FALSE
2a39c266,2022-05-14,International,TRUE
e264e7be,2020-09-28,US,FALSE
1bcbbb70,2020-10-04,US,FALSE
ad7c3962,2021-04-23,US,FALSE
db0299b8,2021-09-27,US,FALSE
1a5c3811,2020-04-13,US,FALSE
697d73c8,2022-03-15,US,FALSE
a06f720f,2020-06-07,US,FALSE
19143812,2020-06-20,US,FALSE
299935bd,2020-08-14,US,FALSE
15add857,2020-05-09,US,FALSE
387433de,2020-09-22,International,FALSE
329cd164,2022-12-03,US,TRUE
6a30d2c3,2021-09-05,US,FALSE
e6ae9235,2022-11-22,US,TRUE
cea72681,2020-11-18,US,FALSE
8208ac6f,2021-03-11,US,FALSE
7d181108,2020-04-20,US,FALSE
1df0dca4,2023-03-03,US,TRUE
7c864369,2021-04-06,US,FALSE
7204ee7e,2022-03-02,US,FALSE
980e2140,2022-04-23,US,TRUE
5fe210bd,2022-03-09,US,FALSE
a01e5ad2,2021-05-28,US,FALSE
ea01bb3e,2021-11-11,International,FALSE
67880bb1,2020-06-02,US,FALSE
cf4b36a6,2021-05-14,US,FALSE
123b78c3,2021-11-03,US,FALSE
d2b178fc,2021-03-03,US,FALSE
9e9343c8,2021-05-12,International,FALSE
28fac496,2022-05-25,US,TRUE
27640b18,2022-12-09,US,TRUE
1a071a43,2023-01-24,US,TRUE
fd1d386d,2022-07-29,US,TRUE
17a9a007,2022-08-04,US,TRUE
4cfa0a77,2022-06-30,US,TRUE
bfb77cb7,2023-01-10,US,TRUE
c4b024ba,2023-03-19,US,TRUE
e3109377,2022-07-11,International,TRUE
180e58e9,2021-07-26,US,FALSE
cd258019,2020-09-11,US,FALSE
653659e9,2021-02-23,US,FALSE
bd4ffa23,2020-05-06,International,FALSE
e3c5068b,2022-04-30,International,TRUE
be78da2d,2020-07-19,US,FALSE
fe5dc698,2023-01-20,US,TRUE
f71d7506,2021-04-22,US,FALSE
0678c0bc,2020-12-20,US,FALSE
535c26b5,2021-02-13,US,FALSE
5948b7a2,2020-05-13,International,FALSE
d3ff6f4a,2022-05-23,US,TRUE
d91b2ba3,2023-02-08,US,TRUE
066ab4ba,2021-11-28,US,FALSE
37363395,2021-10-10,International,FALSE
26d584fe,2022-06-11,International,TRUE
87120269,2022-08-10,US,TRUE
c0a9569e,2021-09-19,US,FALSE
2a8f9b30,2021-09-07,US,FALSE
a543753a,2020-10-06,US,FALSE
a9a78070,2021-12-18,US,FALSE
aa0984d3,2021-12-16,US,FALSE
2690edc1,2022-07-02,US,TRUE
25667a79,2023-01-28,US,TRUE
eb8bcd3e,2021-06-12,US,FALSE
7e90bfa2,2022-06-06,US,TRUE
8863081a,2022-02-14,US,FALSE
a565e867,2023-01-14,US,TRUE
b7050fa0,2022-09-27,US,TRUE
0b597d11,2022-02-16,US,FALSE
51c68a45,2020-05-03,US,FALSE
4593ab60,2021-06-29,US,FALSE
1c6a287e,2021-10-09,International,FALSE
2c61f6a7,2020-08-05,US,FALSE
ab28b2f9,2020-11-11,US,FALSE
fe7293d7,2023-03-18,US,TRUE
1fb3561b,2021-12-11,US,FALSE
6c91911d,2022-10-11,US,TRUE
c4b42794,2020-04-15,International,FALSE
3ea441ce,2021-10-29,US,FALSE
2c51df07,2022-04-10,US,FALSE
f637e926,2021-06-01,US,FALSE
102ed3af,2020-04-17,US,FALSE
ff1e12a7,2021-12-28,International,FALSE
1db2fbbb,2021-10-12,International,FALSE
25b120bf,2021-07-02,US,FALSE
894ec484,2020-04-27,US,FALSE
15d6e33b,2022-03-20,US,FALSE
7a9c5762,2020-09-17,International,FALSE
70be7077,2022-10-09,US,TRUE
74612595,2021-02-20,International,FALSE
de5c6bcf,2021-08-19,US,FALSE
21501d77,2022-12-21,US,TRUE
be6e3028,2020-09-14,International,FALSE
0ff1a466,2021-04-06,International,FALSE
dbb9f619,2022-10-05,US,TRUE
04ef5fce,2020-04-28,US,FALSE
b2f611d4,2020-11-02,US,FALSE
1c31f61a,2020-08-15,US,FALSE
822502ff,2022-06-15,US,TRUE
1a150f50,2023-04-04,International,TRUE
f0fdc7da,2022-12-21,US,TRUE
45887644,2021-06-03,International,FALSE
a4f1c387,2021-12-31,US,FALSE
addcd4eb,2023-02-15,International,TRUE
067b873b,2022-10-10,US,TRUE
c17715ee,2022-07-23,US,TRUE
737086ce,2021-04-04,US,FALSE
0435df14,2021-02-09,US,FALSE
e758dbc7,2022-09-08,International,TRUE
ace04cf9,2021-10-01,US,FALSE
4a108d3e,2021-09-21,US,FALSE
cc217c53,2020-10-28,US,FALSE
0ed9dd72,2021-11-10,US,FALSE
9803aa37,2022-07-30,US,TRUE
6c9d82e3,2021-11-26,US,FALSE
e92d3e10,2022-03-06,US,FALSE
addb7577,2021-06-28,US,FALSE
7717a121,2021-09-03,International,FALSE
8a4b5dfd,2021-01-29,International,FALSE
2ab52929,2021-02-10,International,FALSE
f9d8753f,2020-07-18,US,FALSE
de6fdb6a,2023-01-16,US,TRUE
4f1a270b,2021-06-12,US,FALSE
ee6fe1f8,2023-01-20,US,TRUE
a52282be,2021-08-25,International,FALSE
bacdba38,2020-06-09,US,FALSE
25eb80de,2021-01-01,US,FALSE
32289199,2020-05-01,US,FALSE
6a50310c,2020-10-11,International,FALSE
0fb42b15,2021-11-05,US,FALSE
4505fec2,2020-11-12,US,FALSE
9858de16,2020-05-04,US,FALSE
e427b183,2021-04-02,US,FALSE
4f9787c1,2022-05-30,US,TRUE
031bd38e,2022-06-04,International,TRUE
1bccc523,2021-04-06,US,FALSE
5f44b99a,2021-04-27,US,FALSE
10fdb4c1,2020-12-23,International,FALSE
f21aed8c,2022-08-30,International,TRUE
fa6ecead,2021-02-07,US,FALSE
b5be9a50,2020-06-29,International,FALSE
5ace366c,2021-01-19,US,FALSE
c00a7aa4,2020-07-08,US,FALSE
666337a1,2022-04-24,International,TRUE
7b1b67cd,2022-07-28,International,TRUE
d6abbc15,2020-07-19,US,FALSE
68dc4de0,2023-01-10,US,TRUE
6068a2c4,2022-03-26,US,FALSE
c35c683a,2020-05-25,International,FALSE
c78f3c49,2022-10-20,US,TRUE
7fbf7ccb,2023-01-12,International,TRUE
5e629c28,2022-07-23,International,TRUE
5de8f161,2021-07-12,International,FALSE
cc7af4ca,2022-05-10,US,TRUE
a1bb4825,2022-09-01,US,TRUE
8ba006df,2021-08-15,US,FALSE
3d118922,2021-06-10,US,FALSE
76ddfe7e,2022-06-23,International,TRUE
84d79195,2020-08-17,US,FALSE
29354368,2021-04-12,US,FALSE
1baaba46,2022-12-07,US,TRUE
5e9f89d2,2022-10-08,US,TRUE
5e44081d,2020-10-17,US,FALSE
82a2f88a,2022-01-14,US,FALSE
e6b56632,2020-08-04,US,FALSE
afddc00d,2020-04-12,US,FALSE
32a72e2e,2021-03-13,US,FALSE
2a829650,2021-03-16,US,FALSE
c9f46250,2020-10-18,US,FALSE
77224326,2022-09-13,US,TRUE
e1125475,2022-08-04,US,TRUE
2d3c7604,2023-01-21,International,TRUE
2ee5234c,2022-12-07,International,TRUE
7cfcacc4,2022-05-18,US,TRUE
ec779994,2021-02-26,US,FALSE
2e7fe383,2021-06-29,US,FALSE
831bb9e3,2021-09-19,International,FALSE
cfc71756,2022-02-01,International,FALSE
dee0c9c2,2021-04-16,US,FALSE
9eff8bc0,2022-12-30,US,TRUE
7103f633,2020-05-07,US,FALSE
0245e748,2021-04-06,US,FALSE
9189bef3,2022-03-04,International,FALSE
0964b8bc,2022-03-11,US,FALSE
c30c163f,2021-12-09,US,FALSE
1d1f5e45,2023-02-12,International,TRUE
a9b7df0d,2021-02-10,International,FALSE
cf09819b,2021-06-03,US,FALSE
a562166d,2021-10-22,US,FALSE
de767577,2021-02-01,International,FALSE
48ebac8b,2023-01-06,International,TRUE
8b9afb0d,2021-09-22,US,FALSE
47867386,2022-11-21,US,TRUE
76f6166f,2022-11-06,US,TRUE
a2f3e505,2020-07-01,US,FALSE
9463a1d3,2023-01-30,US,TRUE
7a6b29df,2021-11-05,International,FALSE
4bdf38a5,2021-05-10,US,FALSE
05618589,2020-05-30,US,FALSE
2c996fd9,2022-10-15,US,TRUE
836d3b43,2022-04-20,US,TRUE
eb15f4bc,2021-06-04,US,FALSE
4d894aae,2021-04-22,US,FALSE
dee59e32,2020-12-22,International,FALSE
bfca4dad,2021-04-22,International,FALSE
2113a362,2022-01-08,US,FALSE
f2656511,2022-08-17,US,TRUE
9bc7627a,2021-05-10,US,FALSE
62854594,2022-10-23,International,TRUE
28ad3859,2021-11-27,International,FALSE
2b6b7884,2021-09-15,US,FALSE
f92476f4,2020-09-19,US,FALSE
d7b17386,2023-01-19,US,TRUE
bd0b6480,2022-10-03,International,TRUE
0059f120,2020-06-15,International,FALSE
81540a7f,2023-02-23,US,TRUE
e3e7a632,2022-03-18,US,FALSE
b72eef67,2022-12-18,US,TRUE
e3b117aa,2023-01-23,US,TRUE
92743213,2020-07-02,US,FALSE
3bd230de,2022-02-07,International,FALSE
92945a04,2022-06-18,US,TRUE
94855188,2020-05-04,US,FALSE
92d33943,2020-08-04,International,FALSE
9dc28e89,2020-06-06,US,FALSE
5219e330,2022-11-26,US,TRUE
41e93b76,2022-07-26,US,TRUE
a7128ace,2022-08-27,US,TRUE
c7a2e2e9,2020-10-30,US,FALSE
5197a3d9,2022-10-20,US,TRUE
8b9e91fd,2023-03-15,US,TRUE
e0fe8c8e,2020-04-24,US,FALSE
ded03e44,2023-03-05,US,TRUE
7e5b03ae,2021-12-22,International,FALSE
730722a5,2022-09-13,International,TRUE
5c3705db,2021-04-21,US,FALSE
3059dc49,2021-05-02,US,FALSE
081a87c8,2023-02-08,International,TRUE
04362aad,2022-09-11,International,TRUE
f7b8eb82,2023-03-20,US,TRUE
5653a090,2021-07-18,US,FALSE
5a63aa3e,2021-10-04,International,FALSE
aaa334dd,2021-08-07,US,FALSE
b3ca16b6,2021-08-06,US,FALSE
e002e9ef,2023-02-21,International,TRUE
66d5a744,2020-09-10,US,FALSE
7f36f0b4,2021-09-15,US,FALSE
aa6450e8,2023-04-02,US,TRUE
6c614fad,2021-12-27,US,FALSE
c0393b03,2020-04-19,US,FALSE
404eebe8,2022-07-18,US,TRUE
e69886a2,2022-06-21,US,TRUE
839300ba,2022-09-28,International,TRUE
9a304382,2020-05-12,US,FALSE
3725292f,2022-12-04,US,TRUE
9df4df49,2021-10-24,US,FALSE
65f20214,2022-03-03,US,FALSE
91f6a263,2021-05-13,US,FALSE
3f4bb7c5,2020-10-21,International,FALSE
dc8e255e,2020-12-29,US,FALSE
a107b3c6,2021-11-04,US,FALSE
4b8fe277,2021-11-02,US,FALSE
a5a2a0a2,2022-12-02,US,TRUE
0fab4b4a,2023-02-05,US,TRUE
8906b029,2020-06-23,International,FALSE
8461e9e7,2021-07-19,International,FALSE
68dacea0,2021-06-20,US,FALSE
c12476e8,2022-07-24,US,TRUE
28dd06c2,2020-12-07,US,FALSE
9b6eed7e,2022-07-11,US,TRUE
0f4fbcd8,2022-10-07,International,TRUE
dc776e5d,2022-04-06,US,FALSE
0e838ad0,2021-10-19,International,FALSE
e320778c,2021-11-13,International,FALSE
a7aa293e,2021-04-29,US,FALSE
38cc94c7,2021-09-28,US,FALSE
f8083501,2021-07-10,US,FALSE
9320e8ee,2022-05-26,US,TRUE
97d34227,2020-05-10,International,FALSE
cb25bd66,2022-10-07,International,TRUE
3e2819d9,2021-06-04,US,FALSE
b1bc523e,2021-08-19,International,FALSE
7c33d418,2023-01-07,US,TRUE
c9b41434,2021-02-23,International,FALSE
7c88f3ff,2020-07-04,US,FALSE
e41aeb26,2020-06-30,US,FALSE
51758e97,2021-05-07,US,FALSE
7d9fd413,2023-01-27,US,TRUE
35a9cd0f,2022-01-25,US,FALSE
493d50cd,2020-05-31,US,FALSE
0b1f1c8e,2022-05-08,International,TRUE
2d737f35,2021-01-03,US,FALSE
8ab3a896,2021-04-18,US,FALSE
097595cb,2021-06-07,US,FALSE
0f5661ec,2021-11-01,International,FALSE
9a57f017,2021-04-15,US,FALSE
2decb861,2021-08-02,International,FALSE
05a02249,2020-06-04,US,FALSE
a6ff96af,2023-01-02,US,TRUE
383d1a21,2022-04-28,US,TRUE
60578f4c,2023-03-05,International,TRUE
ddf3e7bd,2020-08-31,US,FALSE
9932fa56,2020-07-09,International,FALSE
95621310,2020-05-14,International,FALSE
d81a3513,2021-07-30,US,FALSE
9939ccb9,2022-10-15,US,TRUE
6dea0356,2020-06-09,US,FALSE
fcea9571,2022-09-18,US,TRUE
4f295fdb,2021-03-03,US,FALSE
7d8024e3,2021-02-20,US,FALSE
a8ad0014,2021-02-21,US,FALSE
5d39ae32,2022-09-18,US,TRUE
3b65495b,2023-02-19,International,TRUE
cc552e84,2023-01-05,International,TRUE
c685a11c,2020-09-04,US,FALSE
da26d7ff,2022-08-25,US,TRUE
b11f99c6,2021-12-31,US,FALSE
772bf242,2022-09-26,International,TRUE
4e3182d9,2020-07-18,US,FALSE
58668046,2020-08-17,International,FALSE
1930461d,2022-06-23,US,TRUE
2aa64a50,2021-02-13,US,FALSE
eadc8c82,2020-06-30,US,FALSE
c0402252,2022-02-21,US,FALSE
0d79b27f,2023-01-26,US,TRUE
fdb652a0,2023-03-05,US,TRUE
b1e092b0,2022-11-11,US,TRUE
74ce7ff7,2021-04-09,US,FALSE
fe7ca91e,2021-08-15,US,FALSE
9418a92d,2023-01-19,US,TRUE
4fe0a3b2,2021-05-24,International,FALSE
fb3204b1,2021-07-09,US,FALSE
567df059,2020-11-18,International,FALSE
29b2ba17,2022-09-25,International,TRUE
822b9c41,2022-07-13,US,TRUE
27ee2c38,2022-07-06,International,TRUE
87306f08,2020-12-05,US,FALSE
3d89b040,2022-07-06,US,TRUE
eb838968,2021-05-28,US,FALSE
5f8e3096,2022-12-19,US,TRUE
b1c43476,2022-12-09,US,TRUE
11cdfd85,2021-10-17,International,FALSE
3e276a0e,2021-11-26,US,FALSE
b7f4da96,2021-01-08,US,FALSE
da3e2fac,2022-03-13,US,FALSE
5cd6a0ab,2021-12-29,International,FALSE
accb90e4,2022-09-19,US,TRUE
31be9387,2021-07-04,US,FALSE
55c0765e,2021-09-15,US,FALSE
e38bc766,2022-10-20,US,TRUE
dec82fd9,2022-01-29,US,FALSE
7968b3dc,2022-09-05,US,TRUE
3c063ce8,2021-04-22,International,FALSE
00083b52,2020-05-30,US,FALSE
8660425c,2022-03-22,US,FALSE
c9c24f8d,2022-02-14,US,FALSE
d838947d,2022-10-21,US,TRUE
fbc2d8ad,2020-10-24,US,FALSE
664d5a64,2020-12-16,International,FALSE
89b41f83,2023-02-20,US,TRUE
f62a09bd,2023-02-20,US,TRUE
426488cc,2023-01-05,International,TRUE
76527735,2022-03-28,US,FALSE
859b9ca5,2023-01-28,US,TRUE
7fbedfc8,2022-08-07,US,TRUE
d34ebb7a,2021-08-10,International,FALSE
462fcea8,2021-07-09,US,FALSE
c43b8b67,2020-06-30,US,FALSE
7b6a7d54,2022-12-22,US,TRUE
a42bc45a,2022-01-22,US,FALSE
1c49ed6b,2022-02-20,US,FALSE
e9028799,2021-01-17,International,FALSE
8bcbec66,2023-03-30,International,TRUE
78766f65,2023-01-12,US,TRUE
89b60a6d,2021-04-25,US,FALSE
05ee7e7f,2022-03-25,US,FALSE
78134626,2020-06-10,US,FALSE
3dae4892,2021-06-26,US,FALSE
fb035c23,2021-09-18,International,FALSE
9678ae27,2020-09-27,US,FALSE
0b4f1f31,2021-12-19,US,FALSE
e6e67096,2020-04-19,US,FALSE
7f1fdb88,2022-08-04,US,TRUE
aca46715,2020-06-09,International,FALSE
98217bca,2022-08-21,US,TRUE
57e4d7b0,2022-03-09,US,FALSE
7d6aa35e,2022-08-04,International,TRUE
30434cf4,2020-11-10,US,FALSE
7737bb98,2021-12-21,US,FALSE
7f215413,2021-10-07,US,FALSE
db20e824,2020-06-13,International,FALSE
e929638e,2021-12-20,International,FALSE
610599b0,2021-08-22,International,FALSE
d3795ce7,2020-10-23,US,FALSE
7065b6c9,2020-06-19,US,FALSE
dff4c1cc,2020-12-22,US,FALSE
6bb1c525,2022-06-18,International,TRUE
d1eea03e,2020-07-22,International,FALSE
bd99160b,2022-01-13,International,FALSE
727846f2,2022-03-29,US,FALSE
38cfee16,2022-08-31,US,TRUE
a6308186,2021-05-31,US,FALSE
97defd87,2022-09-01,US,TRUE
413616b7,2020-10-06,US,FALSE
39a524dd,2023-02-09,International,TRUE
d63cc678,2020-10-15,US,FALSE
dd72c9fe,2023-02-07,US,TRUE
ef237677,2023-03-27,US,TRUE
39416982,2023-02-26,International,TRUE
68572c4c,2021-10-03,US,FALSE
bc92bbbf,2021-09-27,International,FALSE
fccc9b56,2021-08-16,US,FALSE
b98ea066,2022-03-10,US,FALSE
1a5b0b49,2020-07-29,US,FALSE
e279331b,2022-03-21,US,FALSE
fbbe582b,2023-02-21,US,TRUE
b3d3b3a5,2021-02-12,US,FALSE
39c981d7,2022-05-11,International,TRUE
846fc52a,2022-10-02,International,TRUE
4d7c4759,2020-08-14,International,FALSE
20531d80,2022-01-12,US,FALSE
f710ae6d,2022-03-04,International,FALSE
242a89ee,2020-04-25,US,FALSE
64f29f8b,2020-07-01,US,FALSE
e9869803,2021-10-02,US,FALSE
091bcb48,2021-11-03,US,FALSE
eb12adb3,2020-07-18,International,FALSE
a6cf39fb,2021-09-12,US,FALSE
68ac7e67,2021-08-01,US,FALSE
b665164f,2020-04-23,US,FALSE
7113516f,2020-08-25,US,FALSE
2a80b9d9,2022-05-18,US,TRUE
05e38310,2021-10-17,International,FALSE
2f3b3798,2020-07-17,US,FALSE
4930f7d8,2021-02-24,US,FALSE
87ee70ed,2021-01-22,International,FALSE
71bf62d3,2021-02-26,US,FALSE
cc7b1dca,2020-09-21,US,FALSE
6a2ad4d0,2022-12-10,US,TRUE
fc87e1c5,2022-05-27,US,TRUE
81081df1,2022-07-20,US,TRUE
1eb33368,2020-09-07,US,FALSE
f94b99b3,2021-09-09,US,FALSE
fe1b77a1,2021-05-12,US,FALSE
d9fd560f,2021-08-11,International,FALSE
bb71d297,2021-05-26,US,FALSE
1987c711,2020-12-19,US,FALSE
71f34059,2022-06-15,US,TRUE
bfd4e81b,2022-12-28,International,TRUE
fea0b36c,2022-04-28,US,TRUE
8917dd99,2022-01-06,US,FALSE
df2b61f9,2022-08-05,US,TRUE
10296ba0,2022-05-31,US,TRUE
981a2b38,2022-07-10,US,TRUE
835ce1c3,2020-05-03,International,FALSE
7b6009b7,2022-11-21,US,TRUE
dc9ea9db,2020-10-15,US,FALSE
9ab79367,2021-07-19,US,FALSE
3b252c81,2022-11-16,US,TRUE
e57dc5a7,2021-02-07,US,FALSE
33bc9eaf,2021-04-27,US,FALSE
3aafa161,2020-06-15,US,FALSE
b9839ee5,2022-03-12,International,FALSE
bc2518f0,2020-10-08,US,FALSE
a615b4f6,2021-02-06,US,FALSE
5738aaa4,2022-09-25,US,TRUE
63197301,2020-08-13,US,FALSE
d4fdc435,2022-12-24,US,TRUE
c5cdacc5,2021-02-21,US,FALSE
2af4c008,2021-10-15,US,FALSE
33f3411d,2022-07-24,US,TRUE
c1fa7efa,2021-03-30,International,FALSE
09a977e8,2020-04-11,US,FALSE
4e6f30fe,2021-06-16,US,FALSE
d3996ce3,2021-07-31,US,FALSE
3a608720,2020-09-20,US,FALSE
a77b936e,2021-07-01,International,FALSE
5b4bd58c,2021-12-04,US,FALSE
938b99eb,2020-06-10,International,FALSE
6d4e84e4,2022-06-27,US,TRUE
680ec5de,2021-05-07,US,FALSE
30b0e784,2021-02-01,US,FALSE
57292682,2021-10-01,US,FALSE
db07b39d,2023-01-31,US,TRUE
f58728bc,2021-04-15,US,FALSE
8b37900b,2023-02-14,International,TRUE
b3e142dc,2021-04-13,US,FALSE
8b5a2ec2,2022-08-30,International,TRUE
01eca119,2021-10-24,US,FALSE
b8d43a14,2022-06-29,US,TRUE
0093bbe6,2023-04-06,US,TRUE
4952de0a,2021-11-13,US,FALSE
a15dabf3,2022-12-14,US,TRUE
289db2a6,2020-11-20,US,FALSE
6857cd0a,2023-01-10,US,TRUE
179a7a5c,2021-12-30,US,FALSE
1a5f33c2,2021-01-14,US,FALSE
7c783387,2020-12-06,International,FALSE
eb43446d,2021-08-25,US,FALSE
4900f2b2,2021-02-27,US,FALSE
45738b6a,2020-12-05,International,FALSE
2960c9b2,2021-07-24,International,FALSE
a324b09c,2021-10-18,International,FALSE
c6afdb11,2021-01-22,US,FALSE
91f043cf,2022-01-23,US,FALSE
8e39c79a,2021-12-31,US,FALSE
71b1695b,2020-12-08,US,FALSE
7418463f,2022-12-04,US,TRUE
58e4f087,2022-09-02,International,TRUE
159be831,2020-08-28,International,FALSE
d0a60105,2022-11-17,International,TRUE
95a61cdc,2022-04-21,US,TRUE
7bbc71ad,2021-10-22,International,FALSE
c3bc21ab,2022-01-15,US,FALSE
aaa5567d,2021-03-03,US,FALSE
a4a42a44,2023-04-07,US,TRUE
989b3749,2022-12-01,US,TRUE
73926b50,2022-06-29,US,TRUE
0ea39968,2020-08-23,International,FALSE
79f2f920,2020-12-25,US,FALSE
fd7d6a0c,2020-08-01,International,FALSE
b618ce49,2023-02-12,International,TRUE
3dfe49da,2021-05-06,International,FALSE
6f1d3e6c,2021-06-28,US,FALSE
de9f5c0c,2022-09-13,US,TRUE
341e8f98,2023-02-03,US,TRUE
b50840a0,2021-08-20,US,FALSE
ec30ebf4,2022-11-09,US,TRUE
d815f2e4,2023-01-11,International,TRUE
518a4835,2020-09-16,US,FALSE
4b2b249b,2020-12-10,US,FALSE
265f03c6,2022-07-12,US,TRUE
9a620afb,2020-09-18,US,FALSE
a7ae3a89,2021-01-17,US,FALSE
22025388,2022-04-19,US,TRUE
5a7ee02c,2022-11-26,International,TRUE
416c52fc,2020-12-07,US,FALSE
f8612e1d,2020-06-16,US,FALSE
3f0f685a,2022-11-15,US,TRUE
872a764d,2020-11-29,US,FALSE
a705a9e0,2021-09-01,US,FALSE
35410449,2020-04-15,International,FALSE
52a28a23,2020-08-23,US,FALSE
ea905ed9,2022-02-28,US,FALSE
380675ba,2022-03-24,International,FALSE
2b91981e,2020-11-19,US,FALSE
a8348db3,2021-07-23,US,FALSE
8781c652,2021-07-24,US,FALSE
eb87176f,2023-03-17,US,TRUE
0ec23063,2022-07-28,US,TRUE
a1fc6eb9,2022-10-06,US,TRUE
2865909b,2020-05-15,US,FALSE
8d326b2c,2021-04-05,International,FALSE
b15e2a6d,2021-10-02,US,FALSE
a5bbb62f,2020-06-06,US,FALSE
be7269ee,2022-07-19,US,TRUE
70e79546,2021-10-15,US,FALSE
1d940bd4,2022-01-09,US,FALSE
c9638b9b,2020-07-03,US,FALSE
43a3ae62,2022-02-17,International,FALSE
20fc9f8a,2022-12-06,US,TRUE
c4535319,2020-11-14,US,FALSE
25b1829a,2021-07-21,US,FALSE
cf25cac0,2022-08-05,US,TRUE
03750338,2023-01-24,US,TRUE
5116b94f,2021-10-14,International,FALSE
d9db4cb4,2023-01-05,US,TRUE
c7caae74,2021-08-15,US,FALSE
a92042d8,2021-01-19,US,FALSE
26bbbf4a,2022-11-09,International,TRUE
0df3b65b,2022-07-25,US,TRUE
a970c61e,2021-02-17,US,FALSE
7336e9e1,2021-02-16,International,FALSE
e8bb5f46,2020-07-12,US,FALSE
1b0fe4d2,2022-05-03,US,TRUE
36b342dd,2021-08-24,International,FALSE
8dd8ea7d,2021-02-19,US,FALSE
28b4baa4,2022-12-15,US,TRUE
eae7f8cf,2022-06-20,International,TRUE
d468949c,2022-07-20,US,TRUE
65c57e77,2021-08-02,US,FALSE
97ea8729,2021-01-30,International,FALSE
9e520607,2020-10-23,International,FALSE
5ca3f678,2021-08-21,US,FALSE
1ffb3d06,2022-07-17,US,TRUE
67789e2f,2021-10-24,International,FALSE
c460f281,2021-12-11,US,FALSE
db18d2a9,2023-02-06,US,TRUE
523d8338,2022-04-20,US,TRUE
20e9f6b7,2021-03-19,International,FALSE
769b8e9b,2022-01-27,International,FALSE
db14845f,2023-02-28,US,TRUE
711c367e,2020-10-17,US,FALSE
424136e1,2022-11-21,US,TRUE
52da3e2e,2023-01-14,US,TRUE
a5b17ea5,2022-02-12,International,FALSE
b52df285,2022-04-12,International,TRUE
c0c04b6e,2021-07-31,International,FALSE
91f54450,2020-12-11,International,FALSE
4511334b,2023-03-07,US,TRUE
8f9be1e6,2021-07-16,US,FALSE
be6157ef,2021-12-30,US,FALSE
83a2afba,2022-04-06,International,FALSE
e85d21e3,2022-01-02,International,FALSE
3d08cb52,2022-05-04,US,TRUE
1332c5d7,2020-10-27,US,FALSE
b8aada8c,2021-05-04,US,FALSE
707be2f6,2020-12-17,US,FALSE
3514d26d,2022-01-31,US,FALSE
61072693,2022-08-04,US,TRUE
8de17673,2020-07-31,US,FALSE
7bab2f35,2022-05-11,US,TRUE
5be447ea,2021-08-27,US,FALSE
7fce2991,2022-09-13,US,TRUE
818b9d0d,2022-11-18,International,TRUE
0db1e66c,2022-01-17,US,FALSE
844e39f9,2020-04-25,International,FALSE
67543ca7,2022-06-18,US,TRUE
99108984,2022-08-03,US,TRUE
ddfff033,2020-05-16,US,FALSE
df4ea24e,2021-11-07,US,FALSE
2cb14394,2020-08-05,US,FALSE
f534cc3d,2021-01-07,US,FALSE
3799f376,2021-04-24,International,FALSE
f4772c64,2020-05-24,US,FALSE
159ee1c7,2022-03-13,International,FALSE
dc64a13f,2020-11-23,US,FALSE
e887ba57,2020-05-21,US,FALSE
3fb06c8e,2021-01-09,US,FALSE
1a1ced56,2020-08-26,US,FALSE
b2719925,2021-07-25,International,FALSE
bfb0373a,2022-09-08,US,TRUE
23fdf473,2021-05-27,US,FALSE
624b3dd0,2022-12-27,US,TRUE
ed6a907e,2021-04-15,International,FALSE
7061a2d7,2023-02-23,International,TRUE
1479fecc,2020-08-07,US,FALSE
68eb8e6a,2022-06-03,International,TRUE
31ecf30c,2021-08-28,US,FALSE
c807f804,2022-09-28,US,TRUE
c8bd2fa9,2020-08-21,US,FALSE
695fd6fb,2021-06-05,US,FALSE
0fa1991e,2023-01-13,US,TRUE
9c682bc0,2021-08-08,US,FALSE
f6ef96d8,2022-09-05,US,TRUE
f8d585cf,2022-10-18,International,TRUE
e51562f8,2022-10-14,US,TRUE
8574716e,2022-05-28,US,TRUE
9c931df2,2021-02-07,International,FALSE
2289c9b6,2021-10-17,International,FALSE
289fba59,2022-02-08,US,FALSE
f8123c79,2022-01-29,International,FALSE
953254e5,2022-06-06,US,TRUE
6153cdf5,2022-11-21,US,TRUE
4ed8026d,2021-09-26,US,FALSE
ddc05f98,2020-08-11,US,FALSE
7224639a,2021-08-10,US,FALSE
d1456885,2021-08-06,US,FALSE
1cecabb5,2020-07-28,US,FALSE
d2f23248,2021-11-05,International,FALSE
7c4e5a32,2022-09-02,US,TRUE
876ddf3f,2021-05-03,US,FALSE
e2417c1a,2021-02-11,US,FALSE
c3c27ff1,2021-03-28,International,FALSE
616e80b2,2021-11-22,International,FALSE
685984b5,2020-11-21,US,FALSE
00baeb80,2022-06-26,US,TRUE
8fc56ec6,2023-03-11,US,TRUE
0ca1f67d,2021-09-02,US,FALSE
ffa0aad1,2022-11-29,US,TRUE
6f13a1a5,2022-08-19,International,TRUE
5b0a3639,2021-10-27,US,FALSE
98d2b2e3,2020-09-14,US,FALSE
bcfedc50,2021-04-15,US,FALSE
8ea45948,2020-05-20,US,FALSE
26fe7d96,2022-05-22,International,TRUE
ed3a817b,2022-08-03,US,TRUE
711243e3,2022-02-04,US,FALSE
4587e909,2020-09-27,US,FALSE
45f786db,2022-08-15,International,TRUE
bd4e245a,2021-01-15,International,FALSE
a9a5ddf4,2021-06-15,International,FALSE
79d01b7c,2023-04-09,US,TRUE
fbc46d07,2022-12-08,International,TRUE
d4f06de8,2020-06-02,International,FALSE
83de4ea9,2023-01-27,US,TRUE
6bbe77cb,2020-05-08,US,FALSE
ec8dbccc,2023-04-04,International,TRUE
fc16be9b,2021-07-17,US,FALSE
d6341012,2021-03-06,US,FALSE
ead70128,2020-10-14,US,FALSE
09915cee,2022-09-05,US,TRUE
99768159,2022-08-21,US,TRUE
bac8913a,2021-01-19,US,FALSE
3a3c5be6,2022-02-14,International,FALSE
b324c75f,2020-06-13,US,FALSE
05460619,2022-08-07,International,TRUE
b517f07a,2022-07-05,US,TRUE
e42f92d0,2020-11-03,US,FALSE
a1868042,2023-03-08,US,TRUE
6527f298,2021-12-30,US,FALSE
4b8bba61,2022-11-05,US,TRUE
fbb66887,2020-04-16,US,FALSE
54c21b9e,2022-12-28,US,TRUE
4e80fa15,2020-04-29,US,FALSE
5331c225,2021-07-19,US,FALSE
0a3aafb5,2021-11-20,US,FALSE
e7b388de,2022-11-21,International,TRUE
7e2228d0,2022-11-16,US,TRUE
34c6ab9d,2020-09-01,US,FALSE
5c035700,2022-05-21,US,TRUE
5320dcc8,2023-04-05,International,TRUE
ecac9c5a,2021-05-17,US,FALSE
ef7c906c,2023-02-04,US,TRUE
f359ee86,2020-10-09,US,FALSE
c1bb9f45,2023-01-11,US,TRUE
7fa24591,2022-06-25,International,TRUE
9ea03554,2022-12-18,International,TRUE
6dfc2b0c,2022-09-18,International,TRUE
9490cc28,2021-06-10,International,FALSE
92d39ca0,2021-01-01,International,FALSE
705a0665,2021-10-31,US,FALSE
f34143be,2022-02-03,US,FALSE
515e2262,2020-04-26,US,FALSE
1a0aac75,2021-08-28,US,FALSE
ea83c16d,2021-04-09,US,FALSE
ff56da7b,2022-09-25,US,TRUE
3703d802,2020-09-03,US,FALSE
569358f9,2022-09-11,US,TRUE
25e0ed2c,2022-10-15,US,TRUE
e0dc9be4,2021-06-16,US,FALSE
fc3ae80f,2021-12-14,US,FALSE
5b85a59b,2022-04-18,US,TRUE
8d8cecd2,2022-07-24,US,TRUE
e74d59d4,2021-04-28,US,FALSE
eb5f5fd9,2021-11-12,International,FALSE
d2d635c9,2022-07-07,US,TRUE
c8cd3e0f,2022-12-20,US,TRUE
2dee12cb,2023-03-20,US,TRUE
021c33ea,2020-10-03,US,FALSE
2aa1071c,2021-07-26,US,FALSE
53d4bbfd,2020-09-05,US,FALSE
c32e197a,2021-12-09,US,FALSE
5dfe7045,2021-04-21,US,FALSE
1298eca3,2021-11-05,US,FALSE
6e95661f,2022-07-07,US,TRUE
2f6771d3,2021-04-06,International,FALSE
93af3ed8,2022-11-23,International,TRUE
f4d6c429,2020-05-31,US,FALSE
49e674a0,2021-05-15,US,FALSE
4d9b9c2a,2022-07-11,US,TRUE
3fe97f4f,2020-12-31,US,FALSE
3a0137cf,2021-12-13,US,FALSE
27827ea3,2023-03-09,US,TRUE
b042a595,2023-02-21,International,TRUE
b6e31a6d,2022-10-27,International,TRUE
c6d98a2a,2023-02-19,US,TRUE
dd351a21,2020-09-14,US,FALSE
6a7c6839,2021-10-01,US,FALSE
33fb1514,2020-11-03,US,FALSE
5814eb23,2020-12-03,US,FALSE
b8f1b55f,2021-04-16,US,FALSE
57da4edf,2020-04-23,US,FALSE
94b1cca0,2021-07-18,US,FALSE
f1feb31b,2023-04-10,US,TRUE
83e5a2b9,2021-08-21,International,FALSE
c3662948,2020-08-06,US,FALSE
95fa1c4b,2021-05-01,US,FALSE
d8095f22,2020-11-20,US,FALSE
6c99acc1,2020-11-17,International,FALSE
cbf76253,2021-06-07,US,FALSE
b79a6606,2021-06-10,US,FALSE
991fdd3c,2021-07-05,International,FALSE
d10d7295,2020-10-06,US,FALSE
d228bf30,2021-06-11,US,FALSE
ce33972e,2021-03-14,US,FALSE
f8a710e0,2022-06-15,International,TRUE
a6257e81,2020-09-27,International,FALSE
1933583d,2022-04-13,US,TRUE
6181bb2f,2023-01-16,International,TRUE
221bf65e,2021-08-24,US,FALSE
b37e4917,2022-06-25,US,TRUE
450660cb,2022-05-06,International,TRUE
e66b1c63,2022-09-22,International,TRUE
ff5a7107,2020-12-23,US,FALSE
84c67a14,2021-07-23,International,FALSE
a0b840ca,2022-01-09,US,FALSE
19d13f3c,2020-07-14,US,FALSE
59f6f0fe,2021-08-03,US,FALSE
ec324f0c,2021-03-13,International,FALSE
0e55ce9a,2021-02-09,US,FALSE
2b5a7abc,2021-10-26,US,FALSE
c7d45655,2020-11-19,US,FALSE
6c1b537f,2021-12-13,US,FALSE
5e2c00db,2023-04-05,US,TRUE
21cf770e,2021-10-30,US,FALSE
f0bc0eae,2022-07-26,International,TRUE
1df76950,2023-01-28,US,TRUE
357cb031,2020-11-30,International,FALSE
3970f0f4,2020-08-04,US,FALSE
974c01de,2021-01-21,US,FALSE
d4192304,2022-11-08,US,TRUE
c1a425b8,2022-08-07,US,TRUE
175ffbd7,2022-08-29,US,TRUE
61fa5e5f,2020-05-11,US,FALSE
f9f2f6ba,2020-05-16,US,FALSE
406bbd0a,2020-05-01,US,FALSE
bddc4752,2021-06-04,US,FALSE
fb77a844,2021-06-06,US,FALSE
1d65df07,2022-06-08,US,TRUE
3302524a,2022-06-28,US,TRUE
7e764856,2021-03-03,US,FALSE
4d317710,2022-08-02,US,TRUE
ea6904e1,2021-01-31,International,FALSE
b970669a,2022-04-28,International,TRUE
a46e6f32,2023-03-06,US,TRUE
1273a020,2021-06-16,US,FALSE
c254d042,2022-09-28,US,TRUE
829792b7,2020-06-16,International,FALSE
2543f839,2022-04-07,US,FALSE
59ae41f4,2020-09-28,US,FALSE
2fc04aa9,2022-02-19,International,FALSE
dec4d536,2022-02-17,US,FALSE
2226efd3,2021-06-25,US,FALSE
e3a9f486,2022-06-26,US,TRUE
b780457f,2022-10-05,US,TRUE
bb9c0a27,2021-02-01,International,FALSE
fa0092fc,2023-04-08,US,TRUE
4e671d9a,2022-09-05,International,TRUE
2e5d547c,2023-03-27,US,TRUE
2ed96514,2020-10-16,International,FALSE
f622f2a3,2021-11-16,International,FALSE
dca01f74,2022-09-03,US,TRUE
df7209ce,2021-12-30,US,FALSE
8f20e44b,2020-08-01,International,FALSE
efb48199,2022-01-09,US,FALSE
0848d8e9,2022-03-10,US,FALSE
0f8042f8,2023-03-01,US,TRUE
27c289aa,2020-05-04,US,FALSE
6c8af408,2020-07-04,US,FALSE
91b5afc4,2022-08-31,US,TRUE
389593fb,2020-10-02,International,FALSE
71d4a27b,2022-12-23,US,TRUE
d7a9de38,2020-05-10,International,FALSE
8769e99d,2022-06-25,International,TRUE
4ad57288,2020-11-30,US,FALSE
ef0030d2,2023-03-16,US,TRUE
b1874836,2023-04-01,US,TRUE
87c6d789,2022-06-23,US,TRUE
cef6f872,2023-02-26,US,TRUE
408d8760,2021-03-24,US,FALSE
f8265f29,2022-07-14,International,TRUE
4b0c8e78,2023-02-03,US,TRUE
47324ec9,2022-02-07,US,FALSE
004ae5e7,2021-03-17,US,FALSE
7e278911,2021-12-17,International,FALSE
e167cf2a,2021-12-13,US,FALSE
f80fa28c,2022-03-31,US,FALSE
52fb5cee,2023-02-18,US,TRUE
db851c63,2020-06-10,US,FALSE
45889fe5,2020-07-24,US,FALSE
dc188052,2022-10-06,International,TRUE
d6e4310c,2021-05-20,US,FALSE
4e26f05b,2022-10-11,US,TRUE
bbd126ee,2022-05-02,US,TRUE
07250ad7,2022-05-28,US,TRUE
6a07c296,2021-04-29,International,FALSE
628e63f4,2020-12-31,US,FALSE
8626235b,2021-06-15,International,FALSE
6d5b8fdb,2021-06-22,US,FALSE
575df62f,2020-11-01,US,FALSE
b13ae679,2022-03-27,US,FALSE
cd3710ea,2022-02-27,US,FALSE
7095ba46,2021-11-17,US,FALSE
1c6e0a9c,2023-02-16,US,TRUE
1fea065a,2022-03-04,US,FALSE
5c53be0c,2022-07-15,US,TRUE
b1078665,2022-02-16,US,FALSE
cc4b1424,2022-03-04,US,FALSE
854631bc,2020-08-26,International,FALSE
df0bb8c4,2023-03-07,US,TRUE
f67c01bb,2021-06-09,International,FALSE
9b971cef,2021-09-10,US,FALSE
164be462,2022-01-20,US,FALSE
4d5f2877,2023-01-29,US,TRUE
eb08ce10,2021-12-13,US,FALSE
07a42d8d,2023-01-07,US,TRUE
507bcad0,2021-03-11,International,FALSE
6bcaff61,2020-06-22,International,FALSE
39251bed,2021-04-17,US,FALSE
fc894be6,2020-09-19,US,FALSE
837465ab,2020-06-23,US,FALSE
f4ad2ddb,2021-06-11,International,FALSE
37bda79f,2023-04-01,US,TRUE
b098da6d,2022-01-06,International,FALSE
fcd1d94c,2021-06-24,US,FALSE
a076918b,2020-08-23,US,FALSE
e4e98db3,2020-07-02,US,FALSE
67df50ee,2020-08-17,US,FALSE
dc64042e,2020-10-25,US,FALSE
fe7b5014,2022-02-11,US,FALSE
5e155845,2021-09-10,International,FALSE
9b2edebd,2022-03-27,US,FALSE
3251b6cc,2022-03-21,International,FALSE
c3820961,2022-06-21,US,TRUE
916b9b89,2022-06-04,US,TRUE
87931f3e,2021-08-31,US,FALSE
526d1686,2021-07-06,US,FALSE
20c9c5c7,2021-12-13,US,FALSE
79682886,2021-05-17,International,FALSE
3823dd6a,2020-12-05,International,FALSE
c13eb200,2022-05-24,International,TRUE
58747073,2020-11-07,US,FALSE
022ffe83,2022-01-20,US,FALSE
2362cc93,2020-10-14,US,FALSE
21254244,2022-05-19,International,TRUE
a4fd15a8,2021-01-25,US,FALSE
9312ec33,2021-05-15,US,FALSE
3d450e9d,2023-02-27,International,TRUE
812df0ed,2022-01-11,US,FALSE
4d64a839,2022-08-24,US,TRUE
3ea6e48d,2022-11-04,International,TRUE
77e8d6d3,2023-03-24,US,TRUE
01d16c78,2020-11-04,International,FALSE
ffdc471f,2022-12-07,US,TRUE
9e491b6e,2021-06-30,US,FALSE
cae744a5,2021-03-21,US,FALSE
ff6fab43,2020-07-26,US,FALSE
79ea9835,2021-01-10,US,FALSE
5c82b1e6,2020-06-30,US,FALSE
8ec58de4,2021-08-12,US,FALSE
2af3a090,2022-02-05,US,FALSE
3d3b2148,2020-09-30,International,FALSE
65b53276,2022-11-01,International,TRUE
e8010cc4,2022-02-02,US,FALSE
efc9ecf7,2023-03-11,US,TRUE
f51f5b9f,2022-07-16,US,TRUE
4b854f06,2021-04-03,International,FALSE
c86a4326,2022-03-26,US,FALSE
f6e8fcf3,2020-07-05,International,FALSE
9df8ea82,2021-05-11,US,FALSE
0724e639,2023-01-27,US,TRUE
6f6c39f9,2022-08-07,US,TRUE
d615c0cb,2021-09-26,US,FALSE
d65ba74b,2022-09-06,US,TRUE
52cca0d5,2022-05-02,US,TRUE
e1086a7d,2021-02-15,International,FALSE
701e5ead,2020-12-30,US,FALSE
68c4fb2f,2021-12-29,US,FALSE
3e39fe26,2022-04-16,International,TRUE
48d51220,2020-11-20,US,FALSE
2d993362,2022-11-13,US,TRUE
f3b550b0,2021-07-16,International,FALSE
1e153c60,2022-04-28,US,TRUE
b29839af,2021-06-26,International,FALSE
4b61004d,2021-12-27,International,FALSE
1d04ed9b,2020-04-13,US,FALSE
628408ca,2020-09-25,US,FALSE
ba3b8e59,2020-12-04,US,FALSE
31b73316,2022-07-10,US,TRUE
2e0fc5d6,2022-10-23,US,TRUE
54d88631,2022-10-21,International,TRUE
b26ad463,2021-09-18,US,FALSE
9981f8ee,2022-06-04,US,TRUE
f87ed27e,2020-12-17,International,FALSE
e5853aa9,2021-10-01,US,FALSE
8ad255e4,2022-12-29,International,TRUE
f5a5a66c,2021-08-03,US,FALSE
9f146f28,2020-05-04,US,FALSE
2ae6a351,2022-09-21,International,TRUE
d1cc4055,2023-01-06,International,TRUE
a686202b,2021-11-04,US,FALSE
33d5d6b8,2022-12-22,US,TRUE
68642bcc,2020-07-25,US,FALSE
b3f2e3ee,2022-04-03,International,FALSE
6644c259,2020-04-16,US,FALSE
5adc7c13,2021-08-09,US,FALSE
8b53ac85,2022-08-25,US,TRUE
c281e9b6,2021-08-22,US,FALSE
81550f9b,2021-09-08,US,FALSE
8e488b12,2021-06-22,US,FALSE
47192721,2022-08-31,International,TRUE
c9d66982,2021-10-02,US,FALSE
e7ac355e,2022-09-09,US,TRUE
8d2cacec,2022-01-11,US,FALSE
438f0084,2022-02-04,US,FALSE
14759b18,2022-09-18,US,TRUE
f9b8c363,2020-11-15,US,FALSE
77f388e2,2020-07-11,International,FALSE
5c13510d,2021-03-15,US,FALSE
fdb00311,2021-04-04,International,FALSE
20a9488e,2023-03-08,US,TRUE
e63b1be0,2021-09-17,International,FALSE
c2c4c6b1,2022-09-24,US,TRUE
5ca773f0,2022-07-12,US,TRUE
3ddcafef,2021-05-28,International,FALSE
900a87b5,2020-04-27,US,FALSE
0e6a6672,2022-05-24,US,TRUE
8a786bed,2021-08-12,US,FALSE
dd4d6bc0,2021-04-11,US,FALSE
71fa82c3,2022-12-25,US,TRUE
0f807ded,2021-11-02,US,FALSE
917f81ed,2022-05-26,US,TRUE
b670d9ff,2021-05-28,International,FALSE
1d3514be,2022-04-06,US,FALSE
d7d48dbc,2020-09-25,US,FALSE
80516fa8,2020-07-12,US,FALSE
0945bdc4,2022-04-28,US,TRUE
8fda7a8d,2020-05-05,US,FALSE
dc257929,2021-07-03,US,FALSE
bc1d3fa6,2023-03-18,International,TRUE
c4b8c087,2020-10-27,International,FALSE
7f491ab5,2022-08-16,International,TRUE
fd7ef203,2020-10-24,US,FALSE
6d0c08d7,2020-11-07,International,FALSE
3a40d078,2023-02-04,US,TRUE
265aefbf,2021-04-05,International,FALSE
ff4ff149,2023-02-13,US,TRUE
db87c27d,2021-12-04,US,FALSE
57ebb6db,2021-12-03,International,FALSE
1e07aec2,2023-02-16,US,TRUE
1c941d1f,2022-04-15,US,TRUE
ca045f1e,2021-10-08,US,FALSE
dbc1d5d5,2020-08-08,International,FALSE
df08dad5,2021-02-05,US,FALSE
f6dbfeb1,2021-10-27,US,FALSE
d83ce1bb,2021-03-25,International,FALSE
f82af60b,2021-09-15,US,FALSE
bcf0db9d,2020-11-06,International,FALSE
9e30fb83,2022-10-18,International,TRUE
7644aaff,2020-11-15,International,FALSE
ef949f2b,2022-10-31,International,TRUE
733d1537,2021-08-24,US,FALSE
e51b8c05,2020-08-27,International,FALSE
dc12dd9f,2021-02-18,International,FALSE
27a8c159,2020-07-13,US,FALSE
51f68435,2021-03-10,International,FALSE
4bcb6a13,2021-04-09,US,FALSE
b0e05337,2022-11-28,International,TRUE
ff4004b6,2022-05-28,International,TRUE
4e9dd59a,2022-01-15,US,FALSE
b8c09fd9,2021-03-11,International,FALSE
caeaa3fc,2020-06-08,US,FALSE
10aab901,2022-07-26,US,TRUE
8bf98040,2021-09-08,US,FALSE
30a6a34e,2021-07-24,US,FALSE
9a717f39,2020-08-03,US,FALSE
fc6df17e,2022-12-28,US,TRUE
2adb8809,2022-06-07,US,TRUE
7160f008,2023-02-16,US,TRUE
3e15d87e,2020-09-10,US,FALSE
53bc7583,2022-08-19,US,TRUE
a624c453,2021-11-26,US,FALSE
9e2ab0c2,2023-03-03,US,TRUE
91940aa2,2022-07-02,US,TRUE
02cb9c6c,2020-04-13,International,FALSE
64e8c52f,2020-12-26,US,FALSE
cfebaa22,2021-08-17,US,FALSE
90aec8d3,2022-01-08,International,FALSE
d94727d9,2021-08-03,US,FALSE
40bf4a0f,2022-08-12,US,TRUE
d8d178b6,2021-06-15,International,FALSE
971d2898,2022-01-13,International,FALSE
b6825955,2020-11-22,US,FALSE
e9c84e27,2021-09-14,US,FALSE
db6c6fd7,2021-11-03,US,FALSE
c7745878,2022-07-30,US,TRUE
7ae28702,2021-12-14,US,FALSE
dd1a4c3f,2021-03-14,International,FALSE
715d333d,2020-11-26,US,FALSE
e1b1957a,2023-02-25,US,TRUE
82c46b42,2020-06-26,US,FALSE
c453de51,2023-03-17,US,TRUE
ad94f938,2020-11-06,International,FALSE
acc29a22,2022-11-13,US,TRUE
4c79b994,2022-09-04,US,TRUE
de747eec,2021-05-26,US,FALSE
45dfeecd,2023-03-13,International,TRUE
a97261de,2021-11-05,US,FALSE
214cdbba,2020-09-12,International,FALSE
d87c7176,2022-03-27,US,FALSE
f74f53c2,2022-07-24,US,TRUE
45764bee,2022-12-18,International,TRUE
4579dc26,2022-08-28,International,TRUE
d9a18a39,2022-07-14,US,TRUE
9138a03e,2021-03-09,US,FALSE
85cd916b,2021-03-21,International,FALSE
3c575bfe,2022-08-11,US,TRUE
14718b16,2021-07-19,US,FALSE
8797f001,2023-01-29,International,TRUE
2fdbc0e8,2022-12-01,International,TRUE
518c3b7c,2021-01-24,US,FALSE
d49906fb,2020-07-20,US,FALSE
cbd9d015,2022-11-18,US,TRUE
c9352142,2022-06-03,International,TRUE
f401dc67,2020-08-12,International,FALSE
c86cf5a5,2022-04-12,International,TRUE
83909947,2020-12-09,US,FALSE
71f6ef27,2022-04-24,International,TRUE
c8f4d07e,2021-01-12,US,FALSE
6eafa39d,2021-05-03,International,FALSE
60556da5,2020-12-07,US,FALSE
a46fcdb6,2021-07-28,US,FALSE
e8ba37c4,2021-06-20,US,FALSE
b4903939,2021-11-01,US,FALSE
b7b0194b,2021-05-09,US,FALSE
a8806ed9,2021-09-22,International,FALSE
a9bf1018,2022-01-12,International,FALSE
99871594,2022-09-29,US,TRUE
55f2c4b4,2020-08-09,US,FALSE
1afb0a1a,2020-12-21,US,FALSE
ac3f6f9b,2022-06-18,International,TRUE
cea74ddd,2022-03-08,US,FALSE
ef119fcb,2021-10-24,US,FALSE
5fb3baa3,2021-09-25,US,FALSE
99519506,2023-01-20,International,TRUE
0c3e9604,2020-11-30,US,FALSE
9817264f,2020-07-18,US,FALSE
cc87c748,2022-07-11,International,TRUE
0b8fc6fc,2023-04-02,US,TRUE
858cca8e,2020-07-05,US,FALSE
82a375b1,2020-07-16,International,FALSE
8d4bb317,2020-04-15,International,FALSE
6e03c3aa,2021-01-20,International,FALSE
5af758ce,2021-08-01,International,FALSE
a6774b95,2021-03-29,US,FALSE
d68f24ed,2021-06-21,US,FALSE
f9dbc86b,2022-10-21,US,TRUE
278fec56,2022-10-15,US,TRUE
13a2275d,2023-01-14,US,TRUE
13de7836,2023-04-09,International,TRUE
4ffcb0cf,2022-02-27,International,FALSE
a75c4770,2021-01-09,International,FALSE
164accca,2020-12-03,US,FALSE
aaec38a8,2023-02-03,US,TRUE
ce1bdc50,2022-04-22,US,TRUE
4a60b209,2020-08-09,US,FALSE
d542a780,2020-11-09,International,FALSE
073aa5a5,2022-07-18,US,TRUE
3410bc26,2020-07-08,US,FALSE
a3dc3292,2022-02-23,US,FALSE
1c5dda69,2023-01-14,International,TRUE
d8af69a0,2022-07-01,US,TRUE
bd26c7df,2021-11-13,US,FALSE
8069ad18,2022-10-13,US,TRUE
57d95690,2021-09-01,US,FALSE
aea792c8,2020-04-18,International,FALSE
421ae461,2022-10-31,US,TRUE
74f036c4,2020-11-16,US,FALSE
8ead2660,2021-06-05,International,FALSE
acce61e2,2022-09-28,US,TRUE
461b83c2,2021-06-15,US,FALSE
0ba94219,2021-06-18,US,FALSE
6ae76b31,2020-08-16,US,FALSE
a9baa0f4,2022-03-13,International,FALSE
1ea6ba10,2020-08-10,US,FALSE
e4247368,2022-03-11,US,FALSE
8d725ec5,2022-04-29,US,TRUE
60e66c77,2021-10-25,US,FALSE
821340e4,2021-08-31,US,FALSE
315e8cb3,2021-11-17,US,FALSE
678fb275,2022-07-07,US,TRUE
7e4352b9,2023-02-11,US,TRUE
791579c0,2022-08-21,US,TRUE
f68b2318,2020-05-09,US,FALSE
66f4eaac,2022-03-06,US,FALSE
7abc7c68,2020-11-23,US,FALSE
71d8a6ea,2022-09-26,US,TRUE
9f1c312f,2021-12-07,US,FALSE
b49371ad,2020-05-31,International,FALSE
7869a470,2022-12-29,US,TRUE
ccbdab31,2020-08-23,US,FALSE
1a454d51,2021-11-21,US,FALSE
7aa8dada,2020-11-16,International,FALSE
c02ef487,2021-07-25,US,FALSE
00526183,2021-12-21,US,FALSE
c01b6501,2022-07-25,US,TRUE
77e0201a,2020-12-07,US,FALSE
756a3440,2022-10-01,US,TRUE
cadffb6e,2023-04-03,US,TRUE
0a9afaf2,2021-12-04,International,FALSE
0c6499e3,2020-04-26,International,FALSE
9b027f51,2023-02-01,International,TRUE
5c8db517,2020-08-26,US,FALSE
c942b17a,2020-12-17,US,FALSE
74603b24,2021-07-30,US,FALSE
b47471c2,2022-12-01,US,TRUE
94a0e430,2023-02-15,US,TRUE
01a4a819,2022-05-30,US,TRUE
cb92a121,2021-01-24,US,FALSE
05a8b23c,2020-07-08,International,FALSE
e62a4c98,2022-02-14,US,FALSE
db32a3fd,2021-10-10,International,FALSE
15773622,2022-11-19,International,TRUE
03a6f8c6,2021-04-27,US,FALSE
5f0876b1,2021-01-30,US,FALSE
714ef37a,2021-05-19,US,FALSE
23d881f8,2020-05-27,US,FALSE
0e9f9bb4,2022-12-13,International,TRUE
a9a6dec7,2021-03-16,US,FALSE
8148b935,2023-02-01,International,TRUE
0f7413a9,2020-07-06,US,FALSE
9e88d99c,2022-06-13,International,TRUE
e53e7145,2021-04-08,US,FALSE
5793af68,2020-12-01,US,FALSE
0d60ddd2,2021-03-24,US,FALSE
05915377,2022-05-01,US,TRUE
414985d6,2020-09-22,International,FALSE
98d25798,2021-07-29,International,FALSE
f6773073,2022-04-21,International,TRUE
e56019ca,2021-04-23,US,FALSE
a82cf9b4,2020-12-05,US,FALSE
bd08de40,2022-04-12,US,TRUE
311e2808,2021-05-13,US,FALSE
d8b1e2ed,2022-10-04,US,TRUE
0d16e757,2022-08-23,US,TRUE
c84e395e,2023-02-15,US,TRUE
99fdbacc,2022-10-21,US,TRUE
d0084eae,2023-01-21,US,TRUE
99982c56,2021-02-05,US,FALSE
f88621be,2021-12-02,International,FALSE
039022aa,2021-02-08,International,FALSE
0fa6a92e,2023-01-03,US,TRUE
13d0ff28,2020-08-31,US,FALSE
b8287f3c,2020-09-01,International,FALSE
8cb431f1,2022-06-29,International,TRUE
85d32f88,2020-07-30,International,FALSE
611cf69d,2022-06-28,US,TRUE
672d123c,2022-05-29,US,TRUE
174dcd6b,2020-10-18,International,FALSE
25c27cf2,2021-06-20,US,FALSE
d54ca19f,2021-07-22,US,FALSE
2e74a9fc,2021-03-14,US,FALSE
8632f045,2021-03-09,US,FALSE
913f924b,2022-11-22,US,TRUE
a0f2fb3f,2022-05-04,International,TRUE
8db45a44,2022-09-01,US,TRUE
e43018fa,2023-04-01,US,TRUE
9b3ef84f,2022-11-28,US,TRUE
7ed8646d,2020-07-02,US,FALSE
59b19a35,2020-09-07,US,FALSE
731bcd2b,2021-11-29,International,FALSE
c0b0b71e,2020-10-08,US,FALSE
1930d15c,2023-02-23,US,TRUE
d269a3fe,2022-02-26,US,FALSE
6063ea8c,2023-01-18,US,TRUE
27461c88,2021-08-22,International,FALSE
12d30afe,2020-05-25,US,FALSE
ddb8b389,2022-04-14,International,TRUE
ab7c41c2,2021-04-14,US,FALSE
938f596c,2021-03-07,US,FALSE
9205f3d7,2020-12-07,US,FALSE
8a244797,2023-01-17,International,TRUE
185a8056,2023-01-03,US,TRUE
9eb1fc7f,2021-10-03,International,FALSE
e3753610,2021-07-19,US,FALSE
76d9d116,2021-08-31,US,FALSE
a8bef233,2022-04-21,US,TRUE
8fecd6c7,2022-06-26,US,TRUE
ea23524b,2020-12-12,US,FALSE
eaf43d8a,2021-01-14,International,FALSE
1ee08214,2020-11-30,US,FALSE
cb745324,2021-10-11,US,FALSE
b3176975,2023-02-22,International,TRUE
2ed3a9a4,2022-11-11,US,TRUE
3b6f4525,2020-11-24,US,FALSE
b5a1272c,2021-04-16,US,FALSE
84892102,2021-07-31,US,FALSE
4e2c9d4c,2021-03-19,US,FALSE
84948f81,2023-03-18,US,TRUE
41414192,2022-06-08,US,TRUE
2783720a,2021-06-19,International,FALSE
b8f80194,2023-03-09,International,TRUE
596c1167,2021-05-18,US,FALSE
297253bf,2021-01-03,US,FALSE
169332b0,2022-03-13,US,FALSE
579e726b,2023-01-25,US,TRUE
bb18e774,2020-08-08,US,FALSE
66adcd3e,2023-03-09,International,TRUE
5ef065d9,2021-11-04,US,FALSE
e860d061,2021-02-03,US,FALSE
e51d574e,2021-01-20,US,FALSE
d230a142,2020-08-22,International,FALSE
dff7d227,2021-12-29,US,FALSE
2c93fd89,2022-10-21,International,TRUE
04c2de7d,2023-03-19,US,TRUE
ae9a90ff,2021-11-26,US,FALSE
f026102b,2023-04-05,International,TRUE
fd25d6e4,2022-10-27,US,TRUE
30f3dffc,2020-09-20,US,FALSE
1ece6681,2021-01-06,US,FALSE
65335d03,2021-08-06,US,FALSE
88cbebe0,2020-10-30,US,FALSE
09b2e17e,2021-06-07,US,FALSE
a2e745bd,2022-08-20,US,TRUE
4f993fcc,2020-04-12,US,FALSE
5c386d51,2021-10-13,US,FALSE
47583e75,2021-05-13,US,FALSE
6e0d4dce,2021-09-12,International,FALSE
9128c0ab,2021-12-19,US,FALSE
c8a49915,2020-10-17,US,FALSE
f51607bf,2020-09-07,US,FALSE
a0a113f5,2022-08-14,US,TRUE
f3089c1d,2022-08-04,US,TRUE
38c6e21a,2021-02-10,US,FALSE
f1ac6e44,2020-11-14,US,FALSE
a54e42f0,2023-02-23,US,TRUE
1c6409de,2022-11-22,US,TRUE
dc61b421,2021-08-14,US,FALSE
8bbc0eff,2022-09-23,International,TRUE
0d12d659,2020-10-11,US,FALSE
53cca939,2021-11-06,US,FALSE
717a608f,2022-04-18,US,TRUE
e0251a9e,2020-06-04,International,FALSE
4572908c,2020-07-11,US,FALSE
033d5c34,2021-07-01,International,FALSE
3d36fe51,2023-02-04,US,TRUE
dcb1a782,2020-07-18,US,FALSE
d167c400,2021-01-31,US,FALSE
ea18827d,2020-04-23,US,FALSE
6fda20cf,2021-12-16,US,FALSE
5b6168cf,2021-03-29,International,FALSE
8e128a3a,2021-11-24,US,FALSE
a39ca7b5,2022-12-25,US,TRUE
384119e4,2022-11-14,US,TRUE
8eb8c230,2022-04-04,International,FALSE
06a363c3,2022-09-28,International,TRUE
97ba0185,2022-08-12,US,TRUE
92d75c59,2020-09-09,US,FALSE
2dad1049,2021-11-25,International,FALSE
e619d11a,2022-09-10,US,TRUE
9915cfc6,2021-01-06,International,FALSE
ca78f584,2020-11-27,US,FALSE
3303745f,2022-03-22,US,FALSE
7297c2af,2020-08-01,International,FALSE
